sa2_code,sa2_name,cnt_0_14,cnt_15_34,cnt_35_64,cnt_65_plus,pct_0_14,pct_15_34,pct_35_64,pct_65_plus
201011001,Alfredton,4032,4462,6167,2120,0.2394725901288828,0.26501158163568334,0.3662766526103225,0.12591316742887687
201011002,Ballarat,1783,2870,4648,2668,0.14706367535466844,0.23672055427251731,0.3833718244803695,0.22005938634114153
201011005,Buninyong,1508,1514,2907,1304,0.20771349862258953,0.20853994490358127,0.4004132231404959,0.1796143250688705
201011006,Delacombe,2273,3376,3431,1487,0.21332707648991084,0.31684655091506336,0.3220084467386204,0.13955889253871423
201011007,Smythes Creek,891,899,1845,601,0.21019108280254778,0.21207832035857513,0.43524416135881105,0.14177872139655578
201011008,Wendouree - Miners Rest,2833,4082,5267,2936,0.184692613599322,0.2661190429623835,0.343373101245192,0.19140752330660407
201011481,Ballarat East - Warrenheip,1528,2468,3494,1996,0.15783493440760252,0.2549323417002376,0.36091312880900733,0.20617704782563784
201011482,Ballarat North - Invermay,2762,3401,5756,2696,0.1872542372881356,0.23057627118644067,0.3902372881355932,0.18277966101694915
201011483,Canadian - Mount Clear,2146,3554,4283,2114,0.17536978017487947,0.29043066110974913,0.3500040859687832,0.17275476015363242
201011484,Sebastopol - Redan,2169,3619,4512,2663,0.16568634940035137,0.276449469100909,0.34466427316476966,0.20342219845695517
201021009,Bacchus Marsh Surrounds,1240,1278,2815,1193,0.18890920170627665,0.19469835466179158,0.4288543570993297,0.18174893357708713
201021010,Creswick - Clunes,1320,1323,3306,2043,0.16340678385739044,0.1637781629116118,0.4092597177519188,0.25290913592473385
201021011,Daylesford,1279,1423,4402,2746,0.1284652470871836,0.14292888710325433,0.44214543993571714,0.275813579750904
201021012,Gordon (Vic.),1203,1232,2811,1101,0.18900235663786333,0.19355852317360567,0.44163393558523173,0.17297721916732128
201031013,Avoca,507,556,1384,1064,0.14293769382576826,0.15675218494502396,0.39018889202142654,0.2999718071609811
201031014,Beaufort,674,826,1954,1155,0.14544669831678894,0.1782477341389728,0.42166594734570567,0.24924471299093656
201031015,Golden Plains - North,953,1002,2023,918,0.19389623601220754,0.20386571719226856,0.4115971515768057,0.18677517802644963
201031016,Maryborough (Vic.),1212,1581,2720,2489,0.14867517173699707,0.19394013738959764,0.3336604514229637,0.30532384690873404
201031017,Maryborough Surrounds,795,870,2253,1579,0.1437613019891501,0.15732368896925858,0.4074141048824593,0.28553345388788426
202011018,Bendigo,2267,4275,5360,2823,0.15175045183747238,0.28616373251221633,0.35879242251824084,0.18896847178526005
202011019,California Gully - Eaglehawk,2476,3550,4435,2389,0.19113787247182337,0.2740466265246256,0.3423652925737224,0.18442180021614946
202011020,East Bendigo - Kennington,2144,3405,4937,3230,0.15331807780320367,0.2434925629290618,0.35304633867276886,0.23097826086956522
202011021,Flora Hill - Spring Gully,1653,2720,3418,1534,0.17508738481093106,0.28810507361508314,0.3620379197118949,0.16248278784027115
202011022,Kangaroo Flat - Golden Square,3540,5137,7260,4762,0.16829094366531971,0.24421202757309246,0.34513905395768957,0.2263845971000713
202011023,Maiden Gully,1359,1162,2266,710,0.246866485013624,0.21108083560399638,0.4116257947320618,0.12897366030881016
202011024,Strathfieldsaye,2543,2240,4161,1734,0.23737515168486886,0.20909175767758797,0.38840660879305516,0.1618594231307757
202011025,White Hills - Ascot,3413,3962,5096,1935,0.23629188590418165,0.2743007477153143,0.3528108557186375,0.13396566048186098
202021026,Bendigo Surrounds - South,1728,1815,3504,1280,0.2069708947179303,0.21739130434782608,0.4196909809558031,0.15331177386513356
202021027,Castlemaine,1611,1899,4530,3116,0.141863332159211,0.16722437477985205,0.3989080662205002,0.2743923916872138
202021028,Castlemaine Surrounds,1279,1434,3990,2457,0.1385248564930142,0.15531246615401278,0.43214556482183475,0.26611068991660347
202021029,Heathcote,739,762,2057,1450,0.14584566804815471,0.15038484310242747,0.40596013420169724,0.28616538385632523
202021030,Kyneton,1813,1879,4375,2383,0.17147451054572968,0.17771682587723447,0.413789842050506,0.22538541568145276
202021031,Woodend,1535,1295,3385,1681,0.19283919597989949,0.16268844221105527,0.42525125628140703,0.21118090452261307
202031032,Bendigo Surrounds - North,878,930,2117,1004,0.17751718560452892,0.18803073190456934,0.4280226445612616,0.20299231702385767
202031033,Loddon,1089,1199,2867,2012,0.14942371020856202,0.16451701427003293,0.3933863885839737,0.27607025246981337
203011034,Bannockburn,1915,1771,2951,1048,0.2472562943834732,0.22866365397030342,0.38102001291155585,0.1353131052291801
203011035,Golden Plains - South,1765,1695,3477,1166,0.21739130434782608,0.20876955290060353,0.4282547111713265,0.14361374553516443
203011036,Winchelsea,1226,1385,2751,1201,0.18570130263556497,0.2097849136625265,0.416691911541957,0.18191457134201758
203021037,Belmont,2570,4424,5191,2595,0.17111658565816631,0.2945602237166256,0.345628870097876,0.17278114388441307
203021039,Geelong,1749,4096,5142,2403,0.12961316140506893,0.3035423151030087,0.3810582481102712,0.17807914628723878
203021040,Geelong West - Hamlyn Heights,3829,5919,8207,3055,0.18063876963721281,0.27923762796622165,0.38717743076850497,0.14412416851441243
203021042,Highton,4408,6540,8864,4044,0.18347554630593133,0.27221644120707594,0.36894901144641,0.16832466181061395
203021043,Lara,4034,5499,8192,2956,0.19385842664231823,0.2642606564467298,0.3936758133499928,0.14205391897736555
203021044,Leopold,2410,3097,4939,2700,0.18170851240292543,0.2335067480962075,0.372389353841514,0.2035738520696675
203021045,Newcomb - Moolap,2180,3917,5470,3658,0.14110032362459546,0.25352750809061486,0.3540453074433657,0.23676375404530745
203021046,Newtown (Vic.),2003,2438,4168,1750,0.19172968316263042,0.23336843112855366,0.3989662103953288,0.16751220446061071
203021047,North Geelong - Bell Park,2445,3999,5551,3556,0.1548742636346361,0.25330968518401215,0.35161842021916767,0.22524862228415785
203021485,Charlemont,2157,3738,3020,1219,0.20933618012422361,0.36277173913043476,0.2930900621118012,0.11830357142857142
203021486,Corio - Lovely Banks,3371,5567,6664,2669,0.18384598603839442,0.3036103839441536,0.3634380453752182,0.14556064572425828
203021487,Grovedale - Mount Duneed,4505,7277,8589,4057,0.18199078936737498,0.29397269128221704,0.3469742263876545,0.1638927042094207
203021488,Norlane,1433,2694,3269,1560,0.15846511113568507,0.29790998562423976,0.36149507906668144,0.17250912307862434
203031048,Clifton Springs,2929,3410,6211,4079,0.1745946590367191,0.20326657129232237,0.37023128278493084,0.2431449690033381
203031049,Lorne - Anglesea,780,1002,2467,1890,0.12542209358417752,0.16111915098890497,0.3966875703489307,0.30390738060781475
203031051,Portarlington,1004,1225,3616,3568,0.10518596123624935,0.1283394447354636,0.3788370874803562,0.37380827658459925
203031052,Point Lonsdale - Queenscliff,635,638,1862,2243,0.11541257724463831,0.11595783351508543,0.3384223918575064,0.4076699382042894
203031053,Torquay,5386,4864,10163,4009,0.21907667276794793,0.19784421395159651,0.41338214358348585,0.16306691071791743
203031489,Barwon Heads - Armstrong Creek,2636,2909,4115,1636,0.23251301049660403,0.2565934550586575,0.362970803563553,0.1443062538590456
203031490,Ocean Grove,3818,3499,7672,4177,0.19706823577991123,0.18060286982553939,0.3959946319810055,0.21559822442448642
204011054,Alexandra,884,1093,2708,2071,0.12944794259774492,0.160052716356714,0.396544149948748,0.30326548542978476
204011055,Euroa,939,1070,2612,2166,0.13571325336031217,0.15464662523486053,0.3775112010406128,0.3130510189333719
204011056,Kilmore - Broadford,2913,3754,5932,2849,0.18713863548760118,0.24116664525247333,0.38108698445329564,0.1830271103687524
204011057,Mansfield (Vic.),1767,1953,4137,2569,0.1680616321095682,0.18575233022636484,0.39347536617842876,0.24434087882822902
204011058,Nagambie,679,768,1799,1239,0.14972436604189637,0.1693495038588754,0.39669239250275634,0.27320837927232633
204011059,Seymour,995,1577,2421,1484,0.1516537113244932,0.24035970126505105,0.36899862825788754,0.22618503276939492
204011060,Seymour Surrounds,826,1238,1833,727,0.17774908543146115,0.2664084355498171,0.394448030987734,0.15644501829137078
204011061,Upper Yarra Valley,55,41,113,30,0.2301255230125523,0.17154811715481172,0.47280334728033474,0.12552301255230125
204011062,Yea,565,652,1740,1169,0.13532934131736526,0.15616766467065868,0.4167664670658683,0.28
204021063,Benalla,1513,2165,3805,3129,0.139937106918239,0.20024047354790972,0.3519237883832778,0.28940066592674807
204021064,Benalla Surrounds,570,594,1650,950,0.15091342335186655,0.1572676727561557,0.4368546465448769,0.2515223722531109
204021065,Rutherglen,667,755,1569,1025,0.16456945472489515,0.18628176659264742,0.38712065136935603,0.2528990870959783
204021066,Wangaratta,3425,4446,7089,4579,0.1724398348605377,0.2238445272379418,0.3569126976135334,0.23054073104420503
204021067,Wangaratta Surrounds,1770,1672,4190,2219,0.17869762746087833,0.16880363452801617,0.4230186774356386,0.22402826855123675
204031068,Beechworth,801,769,2097,1262,0.16090799517878665,0.15447971072719968,0.42125351546805945,0.2535154680594616
204031069,Bright - Mount Beauty,1356,1729,3652,2089,0.15235955056179776,0.1942696629213483,0.4103370786516854,0.2347191011235955
204031070,Chiltern - Indigo Valley,524,620,1364,657,0.164366373902133,0.1944792973651192,0.42785445420326224,0.2060853199498118
204031071,Myrtleford,706,880,1860,1229,0.14860029467480532,0.18522416333403494,0.3914965270469375,0.2586823826562829
204031072,Towong,965,964,2490,1682,0.15592179673614479,0.15576021974470836,0.40232670867668446,0.27177249959605754
204031073,West Wodonga,3000,3801,5783,2694,0.19485580670303976,0.24688230709275136,0.375617043387893,0.17498051441932969
204031075,Yackandandah,1068,915,2197,1007,0.20405043943446693,0.17481849445930456,0.4197554451662209,0.19239587313717998
204031491,Baranduda - Leneva,3057,3651,4372,1593,0.23925804179384833,0.2857478281286687,0.34217734992564763,0.12467715426156374
204031492,Wodonga,2626,3777,5501,3055,0.1741841337224728,0.250530644733351,0.3648845847704962,0.20263995754842135
205011076,Drouin,4049,4732,6947,3897,0.2047638312936179,0.239304136745221,0.35131991503995147,0.19707696975826844
205011077,Mount Baw Baw Region,1116,1258,2696,1473,0.16955332725615316,0.19112731692494683,0.40960194469766026,0.22379216043755698
205011078,Trafalgar (Vic.),1557,1760,3124,1842,0.186244019138756,0.21052631578947367,0.3736842105263158,0.22033492822966508
205011079,Warragul,4269,5535,8353,4679,0.1851980391306234,0.24011973450175697,0.36237039607826127,0.20298468613075354
205021080,Alps - East,0,0,0,0,,,,
205021081,Bairnsdale,2703,3447,5370,3975,0.17220948012232415,0.21961009174311927,0.34212538226299694,0.25324923547400613
205021082,Bruthen - Omeo,1387,1543,3384,1950,0.16726965750120598,0.1860829715388326,0.4081041968162084,0.23516642547033284
205021083,Lake King,0,0,0,0,,,,
205021084,Lakes Entrance,1565,1674,4037,3772,0.14017017465293327,0.14993282579489475,0.361576354679803,0.3378414688759516
205021085,Orbost,941,991,2700,2012,0.1401549002085195,0.14760202561811142,0.40214477211796246,0.29967232648197795
205021086,Paynesville,713,858,2417,2888,0.10213436470419711,0.12290502793296089,0.34622546913049707,0.4136943131356539
205031087,Foster,1366,1403,3705,2870,0.14455026455026454,0.14846560846560847,0.39206349206349206,0.3037037037037037
205031088,French Island,14,15,63,39,0.10687022900763359,0.11450381679389313,0.48091603053435117,0.29770992366412213
205031089,Korumburra,1720,2000,3912,2110,0.17483228298434642,0.20329335230737955,0.3976417971132344,0.21447448668428543
205031090,Leongatha,2099,2085,4343,2845,0.1825217391304348,0.18130434782608695,0.37765217391304345,0.24739130434782608
205031091,Phillip Island,2099,2191,5475,3884,0.15199131064446053,0.15865314989138304,0.39645184648805215,0.2812454742939899
205031092,Wilsons Promontory,0,0,3,0,0.0,0.0,1.0,0.0
205031093,Wonthaggi - Inverloch,4046,4610,10177,7640,0.15105469479186112,0.172111256300168,0.3799514653724099,0.2852342729139444
205041094,Churchill,2175,2681,4756,2271,0.18248175182481752,0.22493497776659116,0.39902676399026765,0.1905361188019129
205041095,Moe - Newborough,2796,3985,6287,3965,0.1618617575547065,0.23069352784531666,0.3639573926131759,0.22953571842074794
205041096,Morwell,2498,3407,5247,3088,0.17307559066029238,0.2360562599598143,0.36354188318436914,0.21395413288990509
205041098,Yallourn North - Glengarry,889,1109,1931,780,0.18878742832873222,0.23550647695901467,0.4100658313867063,0.16564026332554682
205041493,Traralgon - East,2105,3027,4349,2356,0.17535821392869044,0.25216594468510495,0.36229590136621126,0.1962679106964345
205041494,Traralgon - West,3201,4209,6211,3067,0.19035442435775451,0.25029733587059944,0.36935061845861084,0.1823858230256898
205051099,Alps - West,0,0,10,14,0.0,0.0,0.4166666666666667,0.5833333333333334
205051100,Longford - Loch Sport,665,857,2104,1279,0.13524506813097417,0.1742932682529998,0.42790319300386415,0.2601179581045353
205051101,Maffra,2727,3200,5441,3273,0.185057003257329,0.21715526601520088,0.36923181324647125,0.22210912052117263
205051102,Rosedale,770,1303,2032,808,0.1562817130099452,0.2644611325350112,0.4124213517353359,0.16399431702861783
205051103,Sale,2805,3561,5580,3145,0.18339326577312848,0.23282118339326577,0.36482510624387054,0.20562275253350767
205051104,Yarram,774,934,2230,1597,0.13809099018733273,0.16663693131132917,0.39785905441570024,0.2849241748438894
206011106,Brunswick East,1233,5612,4772,1072,0.09680458506712726,0.44060610818874146,0.37465651252257204,0.08416424589777813
206011107,Brunswick West,1827,5320,5418,1632,0.12766403465865417,0.3717420166305639,0.3785898958842848,0.11403815247012787
206011109,Pascoe Vale South,1889,2592,4382,1357,0.1819144838212635,0.24961479198767333,0.4219953775038521,0.13068181818181818
206011495,Brunswick - North,1406,5146,4847,1416,0.10906834225428594,0.39919323559072223,0.3759987588239857,0.10984407726320689
206011496,Brunswick - South,1214,5579,4842,1261,0.09351409644122631,0.4297488830688646,0.3729779694962255,0.09713449391465105
206011497,Coburg - East,1635,4096,5048,1670,0.13037237859819792,0.3266087233872897,0.4025197352683199,0.1331632246232358
206011498,Coburg - West,2406,3928,5695,1873,0.17141635793673413,0.2798518096323739,0.40574237674551156,0.13344257623254488
206021110,Alphington - Fairfield,1429,2548,3784,1162,0.15914912573783271,0.28377324869139103,0.4214277759215948,0.12941307495266732
206021112,Thornbury,2799,5691,7859,2385,0.14794650880067656,0.30080871081981075,0.4154025054178339,0.12606374544109097
206021499,Northcote - East,2310,4419,6251,1964,0.1533559051981677,0.29336785500896234,0.41499037376352654,0.1303857133373166
206021500,Northcote - West,1482,3300,4287,1161,0.14396735962696716,0.320575092286769,0.4164561880707208,0.1127841461045269
206031113,Ascot Vale,2680,4248,6356,1815,0.17652483203793967,0.2798050322750626,0.4186536688183375,0.1195494664734554
206031115,Flemington,1182,3469,3369,1003,0.13034847816497575,0.3825540361711513,0.37152624614027346,0.11060873400970446
206031116,Moonee Ponds,2250,4960,6496,2345,0.138751850024667,0.30587074494326594,0.4005920078934386,0.14461026147015293
206031501,Essendon (West) - Aberfeldie,2566,4206,6675,2380,0.16001496632576703,0.26228485906709903,0.41625093539536046,0.14841606385632328
206031502,Essendon - East,1698,3815,4849,1736,0.1393287929761221,0.3130384836300976,0.39788299007138755,0.1424468696151637
206041117,Carlton,888,10701,3700,1263,0.053346149225039045,0.6428571428571429,0.22227562177099602,0.07587408386399135
206041118,Docklands,1207,7847,5495,930,0.07792123950936088,0.5065848934796643,0.354744996772111,0.06003873466752744
206041119,East Melbourne,292,1506,2002,1033,0.059640522875817,0.3075980392156863,0.4089052287581699,0.21098856209150327
206041120,Flemington Racecourse,0,38,33,0,0.0,0.5352112676056338,0.4647887323943662,0.0
206041121,Kensington (Vic.),1561,3668,4434,1034,0.14533097476957452,0.3414952052881482,0.4128107252583558,0.09626664183967973
206041124,Parkville,492,4463,1599,668,0.06742496916541044,0.6116212141976155,0.21913114978758394,0.09154447033027271
206041125,South Yarra - West,562,2077,2323,1325,0.0874980538689086,0.3233691421454149,0.36166900202397634,0.2062898956873735
206041127,West Melbourne - Industrial,0,0,0,0,,,,
206041503,Melbourne CBD - East,439,5686,3088,599,0.04466829466829467,0.5785510785510786,0.3142043142043142,0.06094831094831095
206041504,Melbourne CBD - North,466,13161,2922,313,0.02762136210064608,0.7800960227609507,0.17319660956671212,0.01855254578863138
206041505,Melbourne CBD - West,527,10912,3816,387,0.03367627324429676,0.6972969518819094,0.2438494472490255,0.024730014697424755
206041506,North Melbourne,1765,7500,5112,1216,0.11298169248495711,0.480092177698118,0.32723082831903727,0.07783894507745487
206041507,Royal Botanic Gardens Victoria,0,0,0,0,,,,
206041508,Southbank (West) - South Wharf,477,3081,2366,526,0.0737362807234503,0.4762714484464369,0.36574431906013294,0.08131086721286133
206041509,Southbank - East,871,9611,4888,737,0.05404231556741329,0.5963268598374387,0.30328224855742386,0.04572811317242663
206041510,West Melbourne - Residential,563,4194,2360,319,0.07567204301075268,0.5637096774193548,0.3172043010752688,0.042876344086021506
206051128,Albert Park,2111,3994,6771,2857,0.13328703119080693,0.25217830534158353,0.42751610051774214,0.18038893799722186
206051129,Elwood,1948,4413,6863,1537,0.13154163008981026,0.2979944628266595,0.4634343980012155,0.10378823688297657
206051130,Port Melbourne,2295,3346,7736,2733,0.1417979610750695,0.20673463083101637,0.47797343219029964,0.16886005560704356
206051134,St Kilda East,1912,6038,6312,1486,0.12086731146090145,0.3816929009419053,0.3990138441115115,0.09393766989063784
206051511,Port Melbourne Industrial,165,989,697,42,0.08716323296354993,0.5224511357633386,0.3681986265187533,0.022187004754358162
206051512,South Melbourne,1348,3436,5029,1759,0.11531223267750214,0.29392643284858855,0.430196749358426,0.1504704875962361
206051513,St Kilda - Central,822,4917,5038,1061,0.06925604515965962,0.41427247451343835,0.42446709916589437,0.08939253517566771
206051514,St Kilda - West,1025,4832,6120,1747,0.07402325413446956,0.34895645266122627,0.44197299053946704,0.1261645121687008
206061135,Armadale,1190,2898,3465,1696,0.12743628185907047,0.3103448275862069,0.37106446776611696,0.18162347397729706
206061136,Prahran - Windsor,1524,8164,7016,2248,0.07976134401004867,0.42727796095671744,0.3671952687496729,0.11765321609881195
206061138,Toorak,1415,3398,4624,3323,0.10915683098048291,0.2621306796266296,0.35670755226413636,0.25634498187148036
206061515,South Yarra - North,586,5963,3702,912,0.05237286620788274,0.5329341317365269,0.330860666726249,0.08150862454196085
206061516,South Yarra - South,813,4140,3560,1337,0.08187311178247735,0.4169184290030212,0.35850956696878145,0.13464249748237664
206071139,Abbotsford,738,4130,3375,822,0.08106326889279437,0.4536467486818981,0.37071616871704743,0.09028998242530756
206071140,Carlton North - Princes Hill,900,3247,2780,1223,0.10980966325036604,0.3961688628599317,0.33918984870668617,0.14921913128355296
206071141,Collingwood,898,4196,3446,627,0.09769364664926022,0.4564838990426458,0.3748912097476066,0.06821148825065274
206071142,Fitzroy,1072,4058,4143,1101,0.10281987339343948,0.38921925954344905,0.3973719547285632,0.10560138116247841
206071143,Fitzroy North,1566,4449,4758,1904,0.12248728979272586,0.34798592100117326,0.37215486898709427,0.14892452092295658
206071145,Clifton Hill - Alphington,1503,2865,4059,1369,0.15260432531221443,0.2908924763935425,0.41212305817849526,0.1389988831353437
206071517,Richmond (South) - Cremorne,1754,7568,6535,1756,0.09913525122929973,0.427739784095405,0.3693551121912621,0.09924829028429322
206071518,Richmond - North,1273,5823,5153,1551,0.09188681969106395,0.42031182330012995,0.37195033925220156,0.1119532265049805
207011146,Ashburton (Vic.),1589,1728,3294,1222,0.1997736987679155,0.21724918280110636,0.414131254714609,0.15363339200402312
207011147,Balwyn,2586,3810,6238,3242,0.16019327262590596,0.23601561048132316,0.3864213591030168,0.20083008114972434
207011148,Balwyn North,3753,5144,8522,3431,0.17775777956709138,0.2436413584047743,0.40363756927011796,0.16250651257519064
207011149,Camberwell,3399,5239,8061,4083,0.16019417475728157,0.24691299839758696,0.3799132811763597,0.19243095484965594
207011150,Glen Iris - East,3183,3964,6914,2644,0.1890591589451176,0.23544784984556902,0.41066761701116655,0.15704442860536943
207011152,Hawthorn East,2297,5224,5818,2223,0.1464176440591535,0.3329933707292198,0.3708567057623661,0.14170066292707803
207011154,Kew East,1165,1547,2618,1080,0.18025684666563516,0.2393625251431224,0.4050750425498994,0.1671050595698592
207011155,Surrey Hills (West) - Canterbury,2545,3718,6275,3141,0.15968126490149329,0.233278955954323,0.393713138411344,0.19707617015936754
207011519,Hawthorn - North,1348,3513,3577,1413,0.13613411432033934,0.354776812765098,0.3612401535043426,0.1426984447586346
207011520,Hawthorn - South,1361,4755,4151,1592,0.11375794048813107,0.39744232698094284,0.3469575392845202,0.133065864259445
207011521,Kew - South,1739,3211,4317,2182,0.14974597433910272,0.2765004736071644,0.37173856884525963,0.18789287867045554
207011522,Kew - West,1992,3446,5169,2226,0.15306592899953897,0.26479176271707394,0.39718764407561086,0.1710465652374366
207021156,Bulleen,1633,2558,4383,2560,0.14452606425347375,0.22639171608106912,0.38791043455173024,0.2265687228958315
207021157,Doncaster,3483,6727,9238,5090,0.1404208998548621,0.27120625705531365,0.37243992904370266,0.20520883728430897
207021159,Templestowe,2620,3515,6579,3952,0.1545175748997405,0.20730125029488086,0.3880042462845011,0.23307383816937957
207021160,Templestowe Lower,2361,2845,5434,3268,0.1664903744446795,0.20062054862139483,0.38318877371130383,0.2304491925816233
207021424,Doncaster East - North,2596,3428,6189,3233,0.1658997955010225,0.21906952965235174,0.3955138036809816,0.20660787321063395
207021425,Doncaster East - South,3029,3318,6037,2883,0.19592496765847348,0.21461836998706338,0.3904915912031048,0.18648124191461837
207031161,Blackburn,3806,5452,8969,3532,0.17222498755599802,0.2467079958369157,0.4058554685732386,0.15982623648128874
207031162,Blackburn South,1902,2459,4265,2127,0.1739368998628258,0.2248742569730224,0.39003200731595794,0.19451303155006858
207031163,Box Hill,2819,8633,8030,3066,0.12344003152778386,0.378026886193458,0.3516223672111048,0.1342558129351491
207031164,Box Hill North,3096,4876,7193,2794,0.1708043694141013,0.26900584795321636,0.39683327816396335,0.1541432196844312
207031165,Burwood (Vic.),1488,4988,3824,1841,0.12069105361343174,0.4045745802579285,0.310163030253873,0.14932273501500526
207031166,Burwood East,1464,2932,3901,2272,0.13710432665293126,0.27458325529125305,0.3653305862521071,0.21277392770181683
207031167,Surrey Hills (East) - Mont Albert,1594,2542,4032,1837,0.15684345173669192,0.250122995178589,0.3967332480566762,0.1807537144543934
208011168,Beaumaris,2504,2573,5804,2970,0.17857652260733134,0.18349736128940236,0.4139209813150763,0.21181001283697048
208011169,Brighton (Vic.),3540,4462,9065,5247,0.1556043956043956,0.19613186813186814,0.3984615384615385,0.23063736263736265
208011170,Brighton East,3184,3231,6739,3012,0.19272441135524485,0.1955692754675867,0.4079050904908904,0.18231341928454695
208011171,Highett (West) - Cheltenham,2529,2714,5323,1725,0.2033612093920875,0.2182373753618527,0.42803152138951434,0.1387101962045674
208011172,Hampton,3202,3907,7887,3075,0.17593406593406594,0.21467032967032967,0.43335164835164836,0.16895604395604397
208011173,Sandringham - Black Rock,2723,3213,7283,3803,0.15694524495677234,0.18518731988472623,0.4197694524495677,0.21919308357348702
208021174,Bentleigh - McKinnon,4593,6015,10325,3627,0.18465063922167727,0.24181876658358126,0.415092064002573,0.145814907131945
208021176,Carnegie,2555,6198,6953,2617,0.13798131446778636,0.33471944699465356,0.3754927904088135,0.14132958902630016
208021177,Caulfield - North,3958,6885,7562,3606,0.17706003399838954,0.30799856848886104,0.3382839760221884,0.16131341146998301
208021178,Caulfield - South,3132,4240,6894,3494,0.17349878129847107,0.23487702193662752,0.38189674274318636,0.1935519610015511
208021179,Elsternwick,2025,3298,4669,1793,0.1700537453812563,0.27695666778636213,0.3920893516963386,0.15057104467584817
208021180,Hughesdale,1185,2229,3032,1026,0.15676676809101733,0.2948802751686731,0.40111125810292364,0.13573223971424792
208021181,Murrumbeena,1552,2657,3825,1271,0.16535265288727893,0.2830811847432346,0.40752184103984657,0.13541444704879607
208021182,Ormond - Glen Huntly,2001,4251,5156,1648,0.1523990860624524,0.3237623762376238,0.39268849961919267,0.1255140898705255
208021426,Bentleigh East - North,3543,3661,7061,2142,0.21371697430329353,0.220834841356014,0.42592592592592593,0.12920738327904452
208021427,Bentleigh East - South,2715,3032,5911,2224,0.19321093082835183,0.21576999715343012,0.4206518645032736,0.15826928551095928
208031183,Aspendale Gardens - Waterways,1605,1997,3871,1311,0.18162272264343102,0.22598166798687339,0.43804458526649315,0.14835351363584928
208031184,Braeside,0,3,16,0,0.0,0.15789473684210525,0.8421052631578947,0.0
208031185,Carrum - Patterson Lakes,2000,2493,5142,2315,0.1660164356271271,0.2069394870092139,0.42682825599734375,0.1921640242383996
208031186,Chelsea - Bonbeach,2594,3343,6297,2747,0.17080397708566536,0.22012247316784092,0.4146309343517482,0.1808783828274182
208031187,Chelsea Heights,1054,1127,2209,959,0.19591078066914497,0.20947955390334572,0.41059479553903344,0.17825278810408923
208031188,Highett (East) - Cheltenham ,4102,5661,9720,4179,0.17027812370278123,0.23499377334993773,0.40348692403486924,0.1734744707347447
208031189,Edithvale - Aspendale,2717,2931,5822,1979,0.2004722201726555,0.2162620821958238,0.42957278831255075,0.14601933151331808
208031190,Mentone,2077,3021,5520,2411,0.15733656541171123,0.22884629952276342,0.4181501401408984,0.18263767896371488
208031191,Moorabbin - Heatherton,1749,2052,3856,1382,0.1917342688007016,0.22495066871300154,0.42271431703573775,0.15150186362639773
208031192,Moorabbin Airport,0,23,0,0,0.0,1.0,0.0,0.0
208031193,Mordialloc - Parkdale,3844,4705,9045,3355,0.18151768428011522,0.22217500118052605,0.42711432214194645,0.15842659489068328
208041194,Malvern - Glen Iris,2984,5569,7698,3722,0.14735802469135803,0.27501234567901234,0.3801481481481481,0.18380246913580248
208041195,Malvern East,3496,6399,8301,3406,0.15964199278505867,0.292205123521622,0.37905840449335587,0.15553221608292617
209011196,Bundoora - East,1632,2650,3593,1878,0.16566846005481678,0.2690082225154807,0.3647345447162725,0.19064054410719725
209011197,Greensborough,3824,4377,8406,3992,0.18383731551367724,0.2104225758377001,0.40411518676986685,0.19191385029565886
209011198,Heidelberg - Rosanna,2884,3729,6341,2765,0.18005868764437785,0.23281513392020978,0.3958918648935506,0.17262908160079915
209011199,Heidelberg West,2449,4806,5684,1798,0.16509370365376838,0.3239854388566806,0.38317378994202506,0.12120803559390589
209011200,Ivanhoe,1913,3194,5061,2126,0.15362993896562802,0.2565049791198201,0.40644073241246387,0.17073562479922905
209011201,Ivanhoe East - Eaglemont,1212,1753,3148,1556,0.15658914728682172,0.2264857881136951,0.40671834625323,0.20103359173126614
209011202,Montmorency - Briar Hill,3173,3257,6729,3253,0.19183796856106408,0.19691656590084644,0.4068319226118501,0.19667472793228538
209011203,Viewbank - Yallambie,3649,4121,7344,3381,0.19478994288154594,0.21998612074947954,0.39203544547055996,0.18048363849890567
209011204,Watsonia,1700,2216,3635,1632,0.1838831800973499,0.239697133585722,0.3931855056787453,0.17652785289345593
209021205,Kingsbury,1309,3965,3713,1300,0.12584118438761777,0.381176696789079,0.3569505864256874,0.12497596616035378
209021428,Preston - East,2848,6671,8529,2507,0.13759783553966567,0.3223016716590975,0.4120687989177698,0.12112281379843463
209021429,Preston - West,2157,3337,5417,1681,0.16988264944475073,0.26281798850122073,0.42663621327872725,0.13239347877451366
209021523,Reservoir - North East,2191,4727,5605,2101,0.14821078265575324,0.31975918284516,0.3791517283366029,0.14212270851653927
209021524,Reservoir - North West,1472,2332,3521,2343,0.15009686958295096,0.2377893341490772,0.3590292648108494,0.23891098195166718
209021525,Reservoir - South East,1871,3843,4776,2070,0.14616045621435825,0.3002109210217952,0.37309585188657135,0.16170611670963206
209021526,Reservoir - South West,2479,3928,5869,1661,0.17592789723937266,0.278759491874246,0.41650699027748206,0.11787665886026542
209031209,Eltham,4438,4847,10025,4037,0.18912469104235916,0.20655416347055314,0.4272138413023097,0.17203613739026677
209031210,Hurstbridge,708,794,1507,542,0.19887640449438201,0.22303370786516855,0.423314606741573,0.15224719101123596
209031211,Kinglake,755,927,1923,590,0.17967634459781057,0.22060923369823893,0.4576392194193241,0.14040932889100427
209031212,Panton Hill - St Andrews,795,1033,2230,1005,0.1564036986031871,0.20322644107810348,0.43871729293724177,0.19771788313987804
209031213,Plenty - Yarrambat,1677,2124,4017,1520,0.17746031746031746,0.22476190476190477,0.42507936507936506,0.16084656084656085
209031214,Research - North Warrandyte,1307,1497,3048,1064,0.18827427254393547,0.2156439066551426,0.439066551426102,0.15326995102276
209031215,Wattle Glen - Diamond Creek,2747,3679,6019,1902,0.19051251820514598,0.2551494555794438,0.41743532838615716,0.13190928635827728
209041216,Bundoora - North,1083,2394,2866,960,0.14724677090414684,0.32549286199864036,0.3896668932698844,0.13052345343303876
209041217,Bundoora - West,826,1733,2215,1379,0.13341947989016315,0.2799224680988532,0.357777418833791,0.22274269100306898
209041220,Mill Park - North,2677,4755,7305,2626,0.15329553913989577,0.27228998453873904,0.4183130046383783,0.15037507873790298
209041221,Mill Park - South,1775,3049,4564,1809,0.15790410105862468,0.2712392135930967,0.4060136998487679,0.16092874299439552
209041223,Thomastown,3110,5489,7019,4225,0.15563228744432767,0.274683480958815,0.35124856127708554,0.21142971525796928
209041224,Wallan,5587,6319,8629,2050,0.24697197418442224,0.27932985589249404,0.3814428432499337,0.09061975068517372
209041225,Whittlesea,2099,2845,3905,1706,0.19703369942739135,0.267060921806064,0.3665634093682531,0.16014268281235333
209041431,Epping - East,2452,3585,5107,1846,0.1865489957395009,0.27274802191113817,0.388542300669507,0.14044430919050518
209041432,Epping - South,1307,2328,3126,1382,0.159157330735509,0.2834875791524598,0.3806624452021432,0.16829030686799806
209041433,Epping (Vic.) - West,3212,3384,4797,736,0.2644492013831714,0.2786102420549975,0.3949448378066853,0.0605960810143257
209041435,South Morang - North,2954,3326,5425,872,0.23459339263024143,0.26413595933926304,0.43082909783989837,0.06925031766200762
209041436,South Morang - South,2264,3477,4851,1660,0.18253648310892526,0.2803354027251471,0.3911150528098041,0.13383858743852295
209041437,Wollert,7104,7619,8534,1148,0.29101634509032814,0.3121133915038302,0.3495964933841301,0.04702797918970956
209041527,Doreen - North,4353,3920,6549,1466,0.2670552147239264,0.24049079754601227,0.40177914110429447,0.08993865030674847
209041528,Doreen - South,2889,2930,3950,692,0.2760630673674152,0.27998088867654086,0.3774486383182035,0.06612517916865743
209041529,Lalor - East,1612,2733,3580,1932,0.16209150326797386,0.2748114630467572,0.3599798893916541,0.1942684766214178
209041530,Lalor - West,2688,3584,4930,2221,0.19890483942578066,0.2652064525677076,0.3648068669527897,0.16434808346899513
209041531,Mernda - North,2999,2944,4341,1130,0.2624485866806686,0.2576354248709197,0.37988973483854027,0.09888859718211254
209041532,Mernda - South,3301,3378,4640,623,0.27616497950305363,0.28260687693466074,0.3881870660085334,0.05212080649209404
210011226,Airport West,1352,2031,3196,1504,0.16550373362712695,0.24862284245317665,0.3912351573019954,0.18411066225976253
210011227,Essendon Airport,0,0,10,0,0.0,0.0,1.0,0.0
210011228,Keilor,1423,1782,3236,2005,0.1664911664911665,0.2084942084942085,0.3786123786123786,0.2345852345852346
210011230,Niddrie - Essendon West,1340,1839,3130,1085,0.17921626320716866,0.24595425972983817,0.41861709241674466,0.14511167580580447
210011231,Strathmore,1885,2309,4164,1584,0.18825526815140317,0.2306002197143713,0.41585938280235696,0.158194347348447
210011533,Avondale Heights,1985,2546,4543,3079,0.1602227782710469,0.20550488336427475,0.3666962628137864,0.24852691904108484
210011534,Keilor East,2645,3246,5738,3271,0.17554921351297537,0.2154377115550541,0.38083228247162676,0.21709696688126368
210021232,Gisborne,3170,2770,5947,2224,0.22319228332042526,0.19502921917904667,0.4187143561219461,0.15658663662606492
210021233,Macedon,726,535,1529,733,0.20589903573454338,0.15173000567214975,0.4336358479863868,0.20788428814520704
210021234,Riddells Creek,858,949,1900,746,0.19203222918531782,0.21239928379588183,0.4252461951656222,0.16696508504923904
210021235,Romsey,2114,2470,4378,1757,0.19661458333333334,0.22972470238095238,0.40718005952380953,0.16341145833333334
210031236,Coburg North,1497,2219,3485,1081,0.1775800711743772,0.26322657176749703,0.41340450771055753,0.12823250296559904
210031237,Fawkner,2973,4008,4820,2001,0.21240265771236694,0.28634707437307994,0.34435950560834466,0.14295920554404515
210031439,Gowanbrae,598,755,1237,492,0.1925925925925926,0.2431561996779388,0.39838969404186797,0.15845410628019324
210031440,Hadfield,1195,1752,2202,1023,0.19150641025641027,0.28076923076923077,0.3528846153846154,0.1639423076923077
210031535,Glenroy - East,2686,4765,5189,1955,0.18164604044092783,0.32224251031311285,0.3509163454385609,0.1322107256373842
210031536,Glenroy - West,1455,3260,2952,1044,0.1642768431748899,0.3680704527492379,0.33329569831771483,0.1178728689172406
210031537,Oak Park,1320,2423,3168,884,0.16755521706016754,0.30756537192180755,0.4021325209444021,0.11221122112211221
210031538,Pascoe Vale,3033,5044,6759,2123,0.17623474723997676,0.29308541545613015,0.3927367809413132,0.12335851249273679
210041240,Sunbury,2617,3507,5581,1900,0.1915251756440281,0.25665983606557374,0.40844555035128804,0.13905152224824355
210041539,Diggers Rest,1119,1776,1926,424,0.21322408536585366,0.3384146341463415,0.3669969512195122,0.08079268292682927
210041540,Sunbury - South,2771,3826,5755,2465,0.18501702610669693,0.25545836949989986,0.3842558589837751,0.16458569807037457
210041541,Sunbury - West,2165,3093,4423,1445,0.1938748097071729,0.2769768066624877,0.39607772902301425,0.1293991224142563
210051242,Broadmeadows,2792,4632,4782,1561,0.20154479174186096,0.33436800692990687,0.34519598642893234,0.11268317331985851
210051243,Campbellfield - Coolaroo,3484,4556,5502,2428,0.2169364881693649,0.28368617683686176,0.3425902864259029,0.15118306351183064
210051245,Gladstone Park - Westmeadows,3048,4433,6914,3512,0.1692769076974342,0.24619571254026434,0.3839831167388648,0.19504609574586249
210051246,Greenvale - Bulla,4643,6223,8810,2388,0.21009049773755656,0.28158371040723984,0.3986425339366516,0.10805429864253394
210051247,Meadow Heights,3194,4440,5505,1707,0.21466496404328247,0.2984071510182136,0.3699845419719067,0.11472545197929969
210051248,Melbourne Airport,13,45,47,15,0.10833333333333334,0.375,0.39166666666666666,0.125
210051250,Tullamarine,998,1767,2486,1300,0.15167173252279637,0.26854103343465047,0.3778115501519757,0.19756838905775076
210051441,Craigieburn - Central,1722,2337,3129,878,0.21298701298701297,0.28905380333951763,0.38701298701298703,0.10859616573902288
210051442,Craigieburn - North,3156,3533,4891,723,0.25633528265107214,0.28695581546458737,0.39725471085120206,0.058723196881091615
210051443,Craigieburn - South,5355,6607,8237,1449,0.24703602897079854,0.30479309867601606,0.37998800572034874,0.0668450431332749
210051445,Mickleham - Yuroke,6788,8371,7396,824,0.29027154158648705,0.35796450716271117,0.3162711139619414,0.03523626256147103
210051542,Craigieburn - North West,3018,3072,3402,344,0.306738489683911,0.3122268523223905,0.3457668462242098,0.034962902734017684
210051543,Craigieburn - West,3443,3960,4624,925,0.26494805694497886,0.30473258945748366,0.35582916506348594,0.07118122354751828
210051544,Roxburgh Park (South) - Somerton,1845,3012,3750,854,0.19468186134852802,0.3178220955998734,0.3956948401392846,0.09011290492771974
210051545,Roxburgh Park - North,3684,4481,5364,1093,0.2513989354442473,0.3057868158864474,0.36604340111914835,0.0745871434420636
211011251,Bayswater,2071,3376,4922,2089,0.1644695044472681,0.2681067344345616,0.3908831003811944,0.1658989834815756
211011254,Knoxfield - Scoresby,3002,4131,6774,2632,0.18082158776051077,0.24882544271774484,0.40802312974340443,0.1585351162510541
211011255,Lysterfield,1136,1695,2980,767,0.17233009708737865,0.25712985436893204,0.4520631067961165,0.11635315533980582
211011256,Rowville - Central,2520,3933,6469,2404,0.16340293087796653,0.25502528854882633,0.4194656983530022,0.15588120866294902
211011257,Rowville - North,1463,1889,3377,1133,0.18528368794326242,0.23923505572441742,0.4276849037487335,0.1434903748733536
211011258,Rowville - South,1678,2570,4509,1594,0.1614859012607064,0.24732941969011646,0.43393321143297087,0.15340198248484266
211011259,Wantirna,2644,3063,5583,2835,0.18455954209130251,0.2138070640792964,0.3897110149378752,0.19789194471590116
211011260,Wantirna South,2655,4226,6927,3827,0.14803456927794814,0.235628659046557,0.38622804572065794,0.2133816559799275
211011446,Boronia,3976,6068,9115,4165,0.16871048500021216,0.257478677812195,0.3867696355072771,0.17673017354775747
211011447,Ferntree Gully - North,2400,3377,5613,2615,0.1697672773572894,0.23887670651481926,0.39704321991936053,0.18497559595387988
211011448,Ferntree Gully (South) - Upper Ferntree Gully,2713,3867,6293,2374,0.1770309951060359,0.25233278955954325,0.4106362153344209,0.15491027732463294
211011449,The Basin,866,1019,1828,619,0.19935543278084714,0.23457642725598526,0.4208103130755064,0.14249539594843463
211021261,Donvale - Park Orchards,2752,3472,6572,3244,0.1692705129782261,0.21355640300159923,0.40423176282445566,0.19953253782753105
211021262,Warrandyte - Wonga Park,1671,2245,4298,1794,0.16559310276483996,0.22247547319393518,0.425924090773957,0.17778218214250321
211031263,Bayswater North,2140,2999,4945,1662,0.18042323581485542,0.25284545991063145,0.4169125706095607,0.14012309248798582
211031265,Croydon Hills - Warranwood,3325,4276,7707,2653,0.1841187219668863,0.23677944515200178,0.4267678166011407,0.1469073592114735
211031266,Ringwood,3203,5109,7217,2940,0.1711918760021379,0.27306253340459646,0.3857295563869588,0.15713522180652056
211031267,Ringwood East,4043,4969,8535,3413,0.19123977106097156,0.23504091575611372,0.40371789413935005,0.16143985620358545
211031268,Ringwood North,1766,2035,3954,1811,0.18311903774367483,0.2110120282040647,0.40999585234342595,0.18778515138946494
211031450,Croydon - East,2890,4149,6135,2798,0.17939168218497828,0.25754189944134076,0.3808193668528864,0.17368094351334576
211031451,Croydon - West,2556,3188,5203,2949,0.18082773257870535,0.22553944110364343,0.3680933852140078,0.208631057658295
211031452,Croydon South,995,1142,1961,776,0.20322712418300654,0.2332516339869281,0.400531045751634,0.15849673202614378
211041269,Forest Hill,1761,2418,4243,2184,0.16329747774480713,0.22422106824925817,0.3934532640949555,0.20252225519287834
211041270,Mitcham (Vic.),2980,4238,6857,2607,0.17742319599904738,0.25232198142414863,0.4082519647535127,0.15521552750654918
211041271,Nunawading,2179,3160,4832,2039,0.17571163615837432,0.2548181598258205,0.38964599629062174,0.1644222240141924
211041272,Vermont,2268,2233,4465,1927,0.20657619090991894,0.2033882867292103,0.40668549048182895,0.17551689589215774
211041273,Vermont South,1765,2600,4367,2999,0.14783482703744033,0.21777368288801408,0.36577602814306054,0.2511935673004439
211051274,Belgrave - Selby,1895,2244,4388,1449,0.18936744279004697,0.22424302987908465,0.4384930548615969,0.14479864095133407
211051275,Chirnside Park,2300,2950,4491,1974,0.19532908704883228,0.2505307855626327,0.38140127388535033,0.16764331210191083
211051276,Healesville - Yarra Glen,2401,2938,5558,3023,0.17079243135581162,0.208991321667378,0.39536207141840946,0.2150377009531939
211051277,Kilsyth,1853,2553,3543,1845,0.18696397941680962,0.25759257390777923,0.35748158611643627,0.18615679547976996
211051278,Lilydale - Coldstream,3419,5038,7560,3427,0.17440318302387267,0.25698836972046524,0.38563558457457664,0.17481126300754948
211051279,Monbulk - Silvan,1076,1269,2399,1020,0.18551724137931033,0.21879310344827585,0.4136206896551724,0.17586206896551723
211051280,Montrose,1357,1553,2676,1254,0.1957870437166354,0.22406579137209637,0.38609147309190595,0.18092627326504113
211051281,Mooroolbark,4594,6180,8807,3447,0.19852210362559958,0.2670584676548118,0.3805799230802472,0.14895639773562075
211051282,Mount Dandenong - Olinda,1683,1797,4289,1889,0.17346938775510204,0.18521954236239951,0.44207379921665635,0.19470212327355185
211051283,Mount Evelyn,1961,2505,3861,1442,0.20016331530060222,0.25569051750535876,0.39410023476574463,0.14718791466775544
211051284,Upwey - Tecoma,1840,2210,4313,1390,0.1880044957596812,0.2258097476243997,0.4406866251149484,0.14202513538367223
211051285,Wandin - Seville,1496,2004,3177,1188,0.18948701709943003,0.2538315389487017,0.4024065864471184,0.15047498416719443
211051286,Yarra Valley,3002,3858,6739,3073,0.1787862545411232,0.2297659460425228,0.40134595914477994,0.18301471026144958
212011289,Emerald - Cockatoo,3725,4106,7916,2804,0.19977475061675426,0.22020808752547463,0.42454145661267834,0.15038077871929637
212011546,Beaconsfield - Officer,5464,7234,8867,2040,0.23114344938449172,0.306019713185837,0.3751004695630103,0.08629806675409281
212011547,Bunyip - Garfield,1937,2300,3928,1638,0.1963109354413702,0.2331002331002331,0.3980946589642242,0.16600790513833993
212011548,Koo Wee Rup,2103,2838,3512,1542,0.20883813306852037,0.2818272095332671,0.34875868917576963,0.15312810327706058
212011549,Pakenham - North East,3709,4782,5189,1674,0.24009580528223717,0.3095546349041947,0.33590108751942,0.10836354220611083
212011550,Pakenham - North West,1929,2263,2572,695,0.2583020889126942,0.3030262453133369,0.3444027852169255,0.09306373861810391
212011551,Pakenham - South East,1151,2008,2069,1157,0.17922765493615697,0.3126751790719402,0.32217377763936467,0.18016194331983806
212011552,Pakenham - South West,6770,7456,9655,2755,0.2527534067575135,0.27836475639350383,0.3604629456785514,0.10285607616203099
212021293,Berwick - North,3822,5203,9018,4576,0.1665359477124183,0.22671023965141612,0.39294117647058824,0.19938997821350762
212021295,Doveton,2328,3715,4232,1559,0.1956631366616238,0.31223735081526305,0.35569003193814086,0.13103042528155992
212021297,Hallam,2261,3203,4156,1731,0.19701986754966888,0.27910421749738584,0.36214708957825026,0.15083652840711048
212021299,Narre Warren North,1461,1983,3353,1365,0.17726280029119146,0.24059694248968697,0.406818733317156,0.16561514195583596
212021453,Endeavour Hills - North,2067,3130,4917,1899,0.171038477451386,0.25899875879189077,0.4068680182043856,0.1571369466280513
212021454,Endeavour Hills - South,2400,3342,5306,2263,0.17965416573096787,0.2501684257803728,0.39718541807021485,0.16939890710382513
212021455,Narre Warren - North East,2609,3868,5520,1465,0.1931162102146558,0.28630643967431535,0.4085862324204293,0.10843819393042191
212021456,Narre Warren - South West,2878,4489,5513,1803,0.19488082340195018,0.30396803900325026,0.373307150595883,0.12208829902491874
212021553,Berwick - South East,4217,4448,7560,1503,0.2375774647887324,0.25059154929577465,0.4259154929577465,0.08467605633802817
212021554,Berwick - South West,2791,3018,4670,756,0.24800071085836148,0.26817131686511464,0.4149635685089746,0.06717611515905456
212031300,Cranbourne,4299,6297,8054,2549,0.20196373203044254,0.29582824391618906,0.3783707601240252,0.11975007046885276
212031303,Cranbourne South,4232,5295,6152,1658,0.24323236967641818,0.3043278349330421,0.3535835392838669,0.09529283292143227
212031304,Cranbourne West,5714,6475,7752,1541,0.2652615941692586,0.3005895733717098,0.35987187224362843,0.07153799730746019
212031306,Lynbrook - Lyndhurst,4583,4838,7316,1220,0.25418746533555187,0.26833056017748197,0.4057681641708264,0.06766500277315585
212031308,Pearcedale - Tooradin,1534,1906,3315,1233,0.1912241336325106,0.23759660932435803,0.4132385938668661,0.15370231862378458
212031457,Narre Warren South - East,2729,3601,5474,1326,0.2073865795273197,0.27365301314689566,0.4159890569192188,0.10076753552701573
212031458,Narre Warren South - West,3793,5006,6549,1341,0.2268676356241402,0.29941982175967463,0.39171003050421677,0.08020814642024045
212031555,Clyde North - North,3109,2698,4055,682,0.2947478194918468,0.25578308684110734,0.38443306788016685,0.06465680697762609
212031556,Clyde North - South,4381,5069,4933,422,0.2958136394328157,0.34226873733963536,0.33308575286968267,0.02849426063470628
212031557,Cranbourne East - North,6445,6625,8344,1935,0.27533321941216676,0.2830228981544771,0.35645933014354064,0.08266404647983595
212031558,Cranbourne East - South,3317,3982,3940,963,0.269916185206282,0.32402961998535273,0.32061192936772726,0.0783627634469851
212031559,Cranbourne North - East,3742,3536,4881,589,0.29330616084025707,0.27715942937764537,0.38258347703401785,0.046167110832418874
212031560,Cranbourne North - West,2712,3423,4681,1076,0.22766957689724648,0.28735728676964406,0.3929650772330423,0.090329079919409
212031561,Hampton Park - East,2810,3970,4793,1126,0.2209119496855346,0.3121069182389937,0.37680817610062894,0.08852201257861635
212031562,Hampton Park - West,2785,4008,5053,1490,0.20830216903515333,0.29977561705310396,0.37793567688855645,0.11144353029169783
212041309,Clarinda - Oakleigh South,1734,2524,4465,2690,0.15007789510126363,0.2184524839882292,0.3864462523801281,0.23281980266574345
212041310,Clayton South,1896,4848,4568,1980,0.14175700934579438,0.36246728971962616,0.34153271028037385,0.1480373831775701
212041312,Dandenong North,3939,6042,8392,3956,0.17491119005328598,0.2682948490230906,0.3726465364120782,0.17566607460035524
212041313,Dingley Village,1845,2047,4293,2195,0.17574776147837684,0.1949895218136788,0.4089350352448085,0.2090874452276624
212041316,Noble Park North,1259,1890,2850,1410,0.16910678307588986,0.25386165211551376,0.3828072531900604,0.18938885157824042
212041317,Springvale,3223,7503,7871,3384,0.14499730070181752,0.3375472377181933,0.3541029332373583,0.15224041749145223
212041318,Springvale South,2071,3668,4821,1964,0.16405259822560203,0.29055766793409377,0.3818916349809886,0.15557667934093788
212041459,Noble Park - East,2076,4270,4626,1642,0.16292575733793752,0.3351122272798619,0.3630513263223984,0.12886517030293518
212041460,Noble Park - West,3194,6227,6952,3040,0.1632423591945211,0.3182561586425432,0.35531023203516304,0.15537156291526116
212041563,Dandenong - North,3671,7027,7668,2903,0.17095091738846976,0.3272329328490267,0.3570829840737636,0.13518673744993945
212041564,Dandenong - South,2050,2983,3135,1142,0.21908731431014214,0.31879876028641657,0.33504328310355885,0.12204766484984504
212041565,Keysborough - North,2530,3880,5570,2984,0.16761627136610574,0.2570557837551345,0.3690208029680668,0.19769444812508283
212041566,Keysborough - South,3385,4291,6257,1115,0.22414249768242617,0.2841345517150046,0.41431598463779634,0.07383128062508278
212051319,Ashwood - Chadstone,3229,5891,7411,2776,0.1655218371949969,0.3019786754152143,0.37989542751691613,0.14230059462784497
212051321,Glen Waverley - East,3643,5078,8241,4382,0.16875115805076896,0.23522327218825273,0.381739855475264,0.20298313878080415
212051322,Glen Waverley - West,3434,5686,8126,3484,0.1633604490747348,0.2704914133485562,0.3865658151372437,0.16573902288188003
212051323,Mount Waverley - North,2709,4143,6288,2767,0.16839684217069684,0.25753714179150866,0.39087461925778577,0.17200223783178964
212051324,Mount Waverley - South,3286,4882,7470,3375,0.17059495379503686,0.25345239331325925,0.38781019624130414,0.17521545010902295
212051325,Mulgrave,3518,4909,7567,3715,0.1768194611982308,0.2467330116606353,0.3803277040611178,0.18672094893445917
212051326,Oakleigh - Huntingdale,3633,7020,8776,3217,0.15854243945014182,0.30634955269474146,0.3829805804058477,0.14038839188304603
212051327,Wheelers Hill,3016,4129,7446,5571,0.14607449024071292,0.19998062672543226,0.3606335060783649,0.26982128154211266
212051567,Clayton (North) - Notting Hill,675,6553,1809,685,0.0686115064037406,0.6660906688351291,0.1838788371620248,0.0696279731652775
212051568,Clayton - Central,1259,6024,3388,1273,0.10443799253421816,0.4997096640398175,0.281045209456657,0.10559933637494816
213011328,Ardeer - Albion,1163,2357,2815,1089,0.15500466480074637,0.31414101026256164,0.3751832600293216,0.14514194322271093
213011329,Cairnlea,1930,2869,4215,991,0.19211626518017122,0.2855863030061716,0.4195699781007366,0.09864622735417082
213011331,Delahey,1295,2268,3252,1229,0.16019297377535874,0.2805541810984661,0.40227610094012867,0.1520286986640277
213011332,Keilor Downs,2073,3266,5005,2660,0.15840146710476044,0.24956063268892795,0.38244058989837243,0.20325513868724687
213011333,Kings Park (Vic.),2611,3710,5215,2416,0.1866466509400243,0.2652083780112946,0.37279290871398957,0.17270712702837945
213011334,St Albans - North,3489,6449,7183,3331,0.1695994555706786,0.31348434765700955,0.3491639121135524,0.16191911335796227
213011335,St Albans - South,2718,5232,6194,3105,0.15571469492981954,0.29974219421369236,0.35485534230879406,0.17788599255227727
213011336,Sunshine,1533,3068,3590,1147,0.16235966956153358,0.3249311586528278,0.38021605592035584,0.12147850031772929
213011337,Sunshine North,2012,3570,4481,1837,0.1671373982389101,0.2965608905133743,0.37223791327463035,0.15260009968433294
213011338,Sunshine West,3090,5261,6827,3254,0.16654090762099816,0.2835507168265603,0.3679530020480759,0.1753799719736984
213011339,Sydenham,1971,3538,4618,1465,0.16811668372569089,0.3017741385192767,0.39389286932787443,0.12495735243944046
213011340,Taylors Lakes,2365,4365,7288,2836,0.1397093572778828,0.2578568052930057,0.43052930056710775,0.16753308128544422
213011569,Deer Park,3666,5121,6628,2534,0.20354227971795014,0.28432624507245574,0.3679973349619677,0.14069179945588806
213011570,Derrimut,2432,2225,3551,435,0.281188576714071,0.2572551740085559,0.4105676956873627,0.05029483177245924
213021341,Altona,2382,2675,5841,2507,0.17589720868409392,0.19753359917294344,0.43132476739034115,0.18512775070152118
213021342,Altona Meadows,3034,4439,7687,3181,0.16415084131363955,0.24016663961478116,0.4158956879294487,0.1721040956554672
213021343,Altona North,2902,3966,5331,2543,0.1942176415473163,0.2654263150849953,0.35677954758399144,0.17019140677285505
213021344,Newport,4042,4163,8457,1952,0.21544693779649274,0.22189648739406215,0.450775545013592,0.10404562656574809
213021345,Seabrook,1044,1189,2161,538,0.21099434114793855,0.24029911075181892,0.43674211802748586,0.10873080032336298
213021346,Williamstown,2794,3167,7045,2774,0.1757011696641932,0.19915733869953464,0.4430260344610741,0.1744434662306628
213031347,Braybrook,2982,6785,7052,2129,0.15638766519823788,0.355831760016782,0.3698342773232641,0.11165303125655548
213031348,Footscray,1812,7078,6370,1729,0.1058349395479236,0.41341043163366625,0.3720577069096431,0.10098709187547457
213031349,Maribyrnong,1721,4273,5132,1394,0.1370004776309505,0.3401528419041554,0.4085336729820092,0.11096959082948575
213031350,Seddon - Kingsville,1771,2404,4197,824,0.1912320483749055,0.2595831983587086,0.45319080012957563,0.08897527264874204
213031351,West Footscray - Tottenham,2019,3683,4863,1108,0.17204942479761398,0.3138474648487431,0.4144013634426928,0.09441840647635279
213031352,Yarraville,2959,4034,6815,1545,0.19127343244990302,0.2607627666451196,0.440530058177117,0.09987071751777635
213041353,Bacchus Marsh,5154,6337,9227,3806,0.20863862688742257,0.2565275472614662,0.3735173865522406,0.15407035582722747
213041358,Melton West,5441,5888,7779,2060,0.2566630501438747,0.2777489504221897,0.36695127128638144,0.09717439501863295
213041359,Rockbank - Mount Cottrell,4314,6430,6122,659,0.24610645216498375,0.3668206971304695,0.34924981459296023,0.037594842831878604
213041360,Taylors Hill,4921,4869,8226,1488,0.2518939393939394,0.24923218673218672,0.42106879606879605,0.07616707616707617
213041461,Burnside,1205,1465,2210,822,0.20797376596479117,0.25284777355885396,0.381429064549534,0.1418709009319986
213041462,Burnside Heights,1834,1458,2717,351,0.28804774619129886,0.22899324642688865,0.4267315847337836,0.055128003769436155
213041463,Caroline Springs,4553,5394,8611,1787,0.22344915586965056,0.26472320376914016,0.4226050255202199,0.08770121711817824
213041571,Brookfield,2555,2659,3443,1129,0.26028932355338225,0.2708842705786471,0.35075387123064383,0.1150162999185004
213041572,Cobblebank - Strathtulloh,2325,2757,2319,183,0.30656645569620256,0.3635284810126582,0.3057753164556962,0.024129746835443038
213041573,Eynesbury - Exford,857,610,1273,235,0.2880672268907563,0.20504201680672268,0.42789915966386555,0.07899159663865546
213041574,Fraser Rise - Plumpton,2789,3140,3707,453,0.27635751089972255,0.3111375346809354,0.3673206500198177,0.04488703923900119
213041575,Hillside,3175,4597,6872,1514,0.1962784371909001,0.2841864490603363,0.4248269040553907,0.09359545004945598
213041576,Kurunjang - Toolern Vale,2563,3201,4462,1361,0.22037833190025796,0.27523645743766123,0.3836629406706793,0.1170249355116079
213041577,Melton,1485,1938,2866,1564,0.1884996191926885,0.246001523229246,0.3637979182533638,0.19852754506219852
213041578,Melton South - Weir Views,4445,4799,5564,1767,0.2672237585667909,0.28850547072261634,0.3344956113983408,0.10622820728628111
213051361,Hoppers Crossing - North,3413,5140,7611,2223,0.18496639930630826,0.27856058963797964,0.41247561239973984,0.12047474528506395
213051362,Hoppers Crossing - South,3651,5075,7098,2869,0.19469923208191126,0.2706377986348123,0.37851962457337884,0.15299701365187712
213051363,Laverton,2305,4153,4294,682,0.20122217372326495,0.36254910519423833,0.3748581405499782,0.059537319947621126
213051368,Werribee - South,3173,4548,6511,2405,0.1887791527843884,0.27058543550690145,0.38737505949547835,0.14308662541646835
213051464,Point Cook - East,5246,5029,7866,1126,0.27223663725998964,0.26097560975609757,0.4081992734820965,0.05843279709392839
213051466,Point Cook - South,6127,4028,8119,799,0.32123944843496044,0.21118859120222302,0.42568028102553346,0.04189167933728307
213051467,Werribee - East,3709,5267,7143,2730,0.1950770525429969,0.27702098564140326,0.3756903171514227,0.14358596749592384
213051468,Werribee - West,5168,7324,8053,1768,0.2312821660326695,0.32776907585589615,0.36039382412172744,0.0791228462743343
213051579,Manor Lakes - Quandong,3236,3046,3951,357,0.3048229088168802,0.2869253956292389,0.3721740768651093,0.0336284853051997
213051580,Point Cook - North East,3197,3582,6086,1288,0.22564935064935066,0.2528232636928289,0.4295595708639187,0.09090909090909091
213051581,Point Cook - North West,2451,2442,4064,567,0.25659547738693467,0.2556532663316583,0.42546063651591287,0.05935929648241206
213051582,Tarneit (West) - Mount Cottrell,3197,3546,3179,206,0.31553493880773786,0.34998026056060005,0.313758389261745,0.020331622581918674
213051583,Tarneit - Central,7891,8558,10338,1309,0.2806287563569117,0.3043493723105374,0.3676517657100181,0.046552153348269856
213051584,Tarneit - North,2133,2771,2168,113,0.2968684759916493,0.3856645789839944,0.30173973556019484,0.015727209464161448
213051585,Tarneit - South,3185,3190,4076,719,0.28488372093023256,0.2853309481216458,0.36457960644007154,0.06431127012522361
213051586,Truganina - North,2349,3730,3100,170,0.2512568189111135,0.39897315220879237,0.3315862659107926,0.01818376296930153
213051587,Truganina - South East,2772,2979,3550,279,0.2892018779342723,0.3107981220657277,0.37037037037037035,0.02910798122065728
213051588,Truganina - South West,5893,5519,6766,882,0.3091004458431681,0.2894833464463677,0.354891161814844,0.04626278520849725
213051589,Wyndham Vale - North,2424,3313,2925,370,0.2682602921646746,0.36664453297919436,0.3237051792828685,0.04094732182381585
213051590,Wyndham Vale - South,3346,3714,5255,1221,0.24671877304232415,0.27385341395074475,0.38747972275475595,0.09003096888364548
214011370,Carrum Downs,4214,6162,8633,2759,0.19191183167865924,0.2806266508789507,0.3931596684579652,0.1256489662082157
214011371,Frankston,3814,6442,9210,3935,0.1617266675147352,0.27316287156002206,0.39053555527286604,0.16685748208455242
214011372,Frankston North,3384,5244,7240,3390,0.1740293134481872,0.2696837233221908,0.37233221907945485,0.174337876060684
214011373,Frankston South,3585,3622,7459,3793,0.19083359948898115,0.19280315128287023,0.39705099542212285,0.2019056744384116
214011374,Langwarrin,4951,6122,10106,3630,0.19850052120920536,0.24544944270708044,0.4051800176409269,0.14553764734183305
214011375,Seaford (Vic.),3033,3934,7163,2933,0.17623474723997676,0.22858803021499127,0.41621150493898895,0.1704241719930273
214011376,Skye - Sandhurst,2857,3130,5813,1495,0.2144250975682978,0.23491444010807566,0.4362803962773942,0.11220354247973581
214021377,Dromana,1795,2363,5087,3924,0.1343361772189792,0.17684478371501272,0.3807064810657087,0.29366861248316123
214021378,Flinders,757,853,2413,1897,0.12658862876254182,0.14264214046822743,0.4035117056856187,0.31722408026755855
214021379,Hastings - Somers,4225,5673,8697,5211,0.1763134832867337,0.23673997412677877,0.36293452405792265,0.2174602512206318
214021381,Mount Eliza,3846,3119,7596,3978,0.20534999199102996,0.16653318383255913,0.4055742431523306,0.21239788563190773
214021382,Mount Martha,3815,3419,7896,4483,0.19219143576826198,0.17224181360201513,0.39778337531486146,0.22584382871536524
214021383,Point Nepean,2748,3022,7644,6177,0.13873882970666937,0.15257232291614076,0.3859241682233554,0.3118594436310395
214021384,Rosebud - McCrae,3219,4142,7928,7098,0.1403348155898509,0.1805737204638591,0.3456273432731712,0.30944284593251375
214021385,Somerville,3233,4615,7137,3360,0.17470953796271277,0.24939205620102675,0.3856795460686301,0.18157254796001082
214021591,Mornington - East,2725,2990,5514,3649,0.17969007583250907,0.19716452357401912,0.3636003956478734,0.24061984833498187
214021592,Mornington - West,1147,1591,3748,3858,0.10849413545213772,0.15049186530457814,0.3545213772228528,0.36492622020431326
215011386,Ararat,1224,2040,3172,1950,0.14420358152686144,0.2403393025447691,0.37370405278039587,0.22973609802073516
215011387,Ararat Surrounds,561,504,1340,778,0.17498440424204617,0.1572052401746725,0.41796631316281974,0.24266999376169682
215011388,Horsham,3156,4187,5952,3462,0.18588761927199907,0.24661326422429025,0.3505713276004241,0.203910943574037
215011389,Horsham Surrounds,585,709,1511,625,0.16902629297890784,0.20485408841375324,0.4365790234036406,0.180583646344987
215011390,Nhill Region,1074,1366,2609,1783,0.15417743324720068,0.19609532012632788,0.374533448176859,0.2559575078954924
215011391,St Arnaud,501,624,1299,979,0.1445470282746682,0.18003462204270052,0.37478361223312173,0.2824581650317369
215011392,Stawell,1299,1848,3174,2078,0.15285949635208285,0.21746293245469522,0.373499646975759,0.24452812426453283
215011393,West Wimmera,461,430,1106,738,0.16678726483357453,0.15557163531114326,0.40014471780028943,0.2670043415340087
215011394,Yarriambiack,1004,1171,2428,1782,0.15441402645339897,0.1800984312519225,0.37342356198092896,0.27406951707167027
215021395,Irymple,1565,1769,3028,1297,0.20324675324675326,0.22974025974025974,0.39324675324675323,0.16844155844155845
215021396,Merbein,986,1038,1946,937,0.19843026765948882,0.2088951499295633,0.39162809418394046,0.1885691285973033
215021398,Mildura Surrounds,630,734,1480,833,0.16862955032119914,0.19646680942184155,0.3961456102783726,0.22296573875802997
215021399,Red Cliffs,1145,1462,2429,1043,0.18648208469055375,0.23811074918566774,0.3956026058631922,0.16986970684039088
215021469,Mildura - North,3176,4825,6451,3394,0.1761606300959565,0.2676243829385989,0.3578124133340729,0.18825226024737923
215021470,Mildura - South,3056,4252,5845,3054,0.1863755565042386,0.25931572848691836,0.356467646520705,0.18625358297249497
215031400,Buloke,933,1119,2354,1651,0.15080006465168902,0.18086310004848877,0.3804751899143365,0.2668498464522386
215031401,Gannawarra,1023,1111,2590,1937,0.15209634255129348,0.16517989889979184,0.38507285162057686,0.2879869164436515
215031402,Kerang,652,699,1389,1130,0.16468805253851984,0.17655973730740085,0.3508461732760798,0.28542561252841625
215031403,Robinvale,684,1031,1461,537,0.18230277185501065,0.2747867803837953,0.38939232409381663,0.14312366737739873
215031404,Swan Hill,2147,2899,3795,2193,0.1917991781311417,0.2589780239413972,0.33902090405574414,0.19590852242272647
215031405,Swan Hill Surrounds,1168,1454,2602,1216,0.18033039987648602,0.22448664505172147,0.401729195615254,0.1877412382275745
216011406,Echuca,2627,3461,5743,3604,0.16809572562068084,0.22146147939595598,0.36748144356283596,0.23061172254927054
216011407,Kyabram,2040,2329,4002,2609,0.1834862385321101,0.20948012232415902,0.3599568267674042,0.23466450800503688
216011408,Lockington - Gunbower,733,768,1656,762,0.18646654795217502,0.19537013482574409,0.42126685321801066,0.19384380564741796
216011409,Rochester,629,738,1503,1081,0.15646766169154228,0.18358208955223881,0.3738805970149254,0.2689054726368159
216011410,Rushworth,626,732,1688,1118,0.1492608488316643,0.17453505007153075,0.402479732951836,0.26657129232236526
216021411,Cobram,1041,1299,2212,1840,0.1608218754827746,0.20067974663988877,0.3417271744168083,0.28425768577166693
216021412,Moira,492,528,1215,594,0.17311752287121746,0.18578465869106264,0.4275158339197748,0.20900774102744546
216021413,Numurkah,2168,2671,4803,2762,0.1729281327271277,0.21304937385339395,0.3831060062215841,0.2203078886495972
216021414,Yarrawonga,1346,1507,2872,2760,0.15573296309151916,0.1743607543676964,0.33229202823093834,0.3193335647344672
216031415,Mooroopna,1398,2033,2966,1814,0.16859623733719248,0.2451760733236855,0.35769416304872165,0.2187650747708635
216031416,Shepparton - North,3912,5167,7325,3302,0.19627715618885153,0.25924439315638953,0.36751793688224377,0.1656715669058251
216031418,Shepparton Surrounds - East,762,858,1714,657,0.1903096903096903,0.21428571428571427,0.42807192807192807,0.16408591408591408
216031419,Shepparton Surrounds - West,1782,2252,4156,2093,0.1719579272411464,0.21731158930811542,0.40104216925600694,0.2019685419280131
216031593,Kialla,2051,2069,3458,1432,0.22583131468839462,0.227813256991852,0.3807531380753138,0.15767452103061
216031594,Shepparton - South East,3272,4450,5521,3129,0.1979670861568248,0.26924007744433687,0.33403920619554694,0.18931510164569215
217011420,Glenelg (Vic.),1327,1562,3615,2320,0.1488836530909907,0.17524963536407495,0.4055873443285089,0.2602939526534276
217011421,Hamilton (Vic.),1737,2306,3591,2549,0.16782608695652174,0.22280193236714976,0.34695652173913044,0.246280193236715
217011422,Portland,1759,2258,4430,2639,0.15659218374432476,0.20101486690999734,0.39437372028843587,0.23493278732306597
217011423,Southern Grampians,1090,1085,2547,1522,0.17296096477308792,0.17216756585211043,0.40415741034592195,0.2415106315455411
217031471,Camperdown,538,652,1224,1022,0.15433161216293748,0.18703384968445208,0.35111876075731496,0.2931726907630522
217031472,Colac,2171,3039,4460,2883,0.17043491913958236,0.23857748469147433,0.3501334589417491,0.22633066415449835
217031473,Colac Surrounds,1041,1136,2310,1174,0.18343612334801762,0.2001762114537445,0.40704845814977975,0.20687224669603524
217031474,Corangamite - North,867,1028,2149,1295,0.16046640755136035,0.19026466777716083,0.3977419951878586,0.2396816583379604
217031475,Corangamite - South,1263,1546,2813,1499,0.1757828810020877,0.2151704940848991,0.3915100904662491,0.20862908837856645
217031476,Otway,513,648,1744,1085,0.12786640079760717,0.16151545363908276,0.43469591226321036,0.2704386839481555
217041477,Moyne - East,1386,1543,2750,1292,0.19743589743589743,0.2198005698005698,0.39173789173789175,0.18404558404558405
217041478,Moyne - West,1843,1885,3871,2302,0.1840607210626186,0.18825526815140317,0.3865974233496455,0.22990112853290723
217041479,Warrnambool - North,4203,5453,8369,4212,0.18755020080321286,0.2433288710397144,0.37344935296742526,0.18795180722891566
217041480,Warrnambool - South,2053,3063,5044,2940,0.15396730163491826,0.22971351432428377,0.3782810859457027,0.22048897555122243
297979799,Migratory - Offshore - Shipping (Vic.),0,6,31,5,0.0,0.14285714285714285,0.7380952380952381,0.11904761904761904
299999499,No usual address (Vic.),1141,2950,4200,792,0.1255363626361536,0.32456815931345584,0.4620970403784795,0.08713829904279899
