sa2_code,sa2_name,median_hh_income,hh_total,hh_low_u650,hh_high_ge2000,pct_low_u650,pct_high_ge2000,median_hh_income_2016,income_growth_rate,median_age
201011001,Alfredton,1952.0,4770,651,2013,0.1364779874213836,0.4220125786163522,1585.0,0.2315457413249211,34.0
201011002,Ballarat,1573.0,4091,904,1220,0.2209728672696162,0.2982155952089954,1327.0,0.1853805576488319,45.0
201011005,Buninyong,1927.0,2046,320,828,0.1564027370478983,0.4046920821114369,1634.0,0.1793145654834761,42.0
201011006,Delacombe,1627.0,3457,525,1193,0.1518657795776685,0.3450969048307781,1272.0,0.2790880503144654,33.0
201011007,Smythes Creek,2065.0,1130,148,509,0.1309734513274336,0.4504424778761062,1583.0,0.3044851547694251,41.0
201011008,Wendouree - Miners Rest,1191.0,5560,1397,1258,0.2512589928057554,0.2262589928057554,958.0,0.24321503131524,38.0
201011481,Ballarat East - Warrenheip,1209.0,3686,916,831,0.2485078676071622,0.2254476397178513,,,41.0
201011482,Ballarat North - Invermay,1644.0,4943,969,1694,0.1960347966821768,0.3427068581832895,,,41.0
201011483,Canadian - Mount Clear,1396.0,4321,890,1268,0.205970840083314,0.293450590141171,,,37.0
201011484,Sebastopol - Redan,1020.0,5280,1554,908,0.2943181818181818,0.1719696969696969,,,39.0
201021009,Bacchus Marsh Surrounds,1731.0,1970,363,703,0.1842639593908629,0.3568527918781726,1369.0,0.264426588750913,43.0
201021010,Creswick - Clunes,1238.0,2793,710,678,0.2542069459362692,0.2427497314715359,994.0,0.2454728370221328,49.0
201021011,Daylesford,1343.0,3508,877,886,0.25,0.2525655644241733,1016.0,0.3218503937007874,53.0
201021012,Gordon (Vic.),1813.0,1850,326,729,0.1762162162162162,0.3940540540540541,1329.0,0.36418359668924,44.0
201031013,Avoca,985.0,1272,398,229,0.3128930817610063,0.1800314465408805,791.0,0.2452591656131479,53.0
201031014,Beaufort,1193.0,1512,416,361,0.2751322751322751,0.2387566137566137,957.0,0.2466039707419017,49.0
201031015,Golden Plains - North,1455.0,1522,332,455,0.2181340341655716,0.2989487516425755,1124.0,0.2944839857651246,43.0
201031016,Maryborough (Vic.),876.0,3258,1096,443,0.336402701043585,0.1359729895641498,769.0,0.1391417425227568,51.0
201031017,Maryborough Surrounds,956.0,1972,626,351,0.3174442190669371,0.1779918864097363,782.0,0.2225063938618925,53.0
202011018,Bendigo,1267.0,5456,1343,1369,0.2461510263929618,0.25091642228739,1029.0,0.2312925170068027,39.0
202011019,California Gully - Eaglehawk,1223.0,4680,1110,1125,0.2371794871794871,0.2403846153846154,951.0,0.2860147213459516,38.0
202011020,East Bendigo - Kennington,1408.0,4959,1150,1414,0.2319015930631175,0.2851381326880419,1154.0,0.2201039861351819,44.0
202011021,Flora Hill - Spring Gully,1465.0,3382,733,1013,0.2167356593731519,0.2995269071555292,1169.0,0.253207869974337,38.0
202011022,Kangaroo Flat - Golden Square,1238.0,7722,1800,1949,0.2331002331002331,0.2523957523957524,1060.0,0.1679245283018867,42.0
202011023,Maiden Gully,2203.0,1442,126,726,0.087378640776699,0.5034674063800277,1828.0,0.2051422319474836,37.0
202011024,Strathfieldsaye,2217.0,2846,312,1388,0.1096275474349964,0.4877020379479972,1851.0,0.1977309562398703,39.0
202011025,White Hills - Ascot,1689.0,4543,611,1706,0.1344926260180497,0.3755227823024433,1393.0,0.2124910265613783,34.0
202021026,Bendigo Surrounds - South,2040.0,2237,271,994,0.1211443898077782,0.4443451050514081,1582.0,0.2895069532237674,41.0
202021027,Castlemaine,1200.0,4160,1134,1009,0.2725961538461538,0.2425480769230769,965.0,0.2435233160621761,50.0
202021028,Castlemaine Surrounds,1317.0,3281,826,874,0.2517525144772935,0.2663822005486132,1043.0,0.2627037392138063,52.0
202021029,Heathcote,1115.0,1780,496,410,0.2786516853932584,0.2303370786516854,895.0,0.2458100558659217,53.0
202021030,Kyneton,1695.0,3207,604,1091,0.1883380106018085,0.3401933270969753,1269.0,0.3356973995271867,46.0
202021031,Woodend,2113.0,2118,377,839,0.1779981114258734,0.3961284230406043,1689.0,0.251036116044997,46.0
202031032,Bendigo Surrounds - North,1454.0,1527,313,469,0.2049770792403405,0.3071381794368042,1187.0,0.2249368155012636,46.0
202031033,Loddon,1027.0,2534,732,455,0.2888713496448303,0.1795580110497237,824.0,0.2463592233009708,52.0
203011034,Bannockburn,2159.0,1959,232,922,0.1184277692700357,0.4706482899438489,1710.0,0.2625730994152047,36.0
203011035,Golden Plains - South,1898.0,2235,304,926,0.1360178970917226,0.414317673378076,1400.0,0.3557142857142857,40.0
203011036,Winchelsea,1845.0,1860,299,717,0.160752688172043,0.3854838709677419,1358.0,0.3586156111929308,43.0
203021037,Belmont,1510.0,5401,1175,1757,0.2175523051286798,0.3253101277541196,1142.0,0.3222416812609457,37.0
203021039,Geelong,1542.0,4912,1068,1561,0.2174267100977198,0.3177931596091205,1276.0,0.2084639498432602,40.0
203021040,Geelong West - Hamlyn Heights,1719.0,7406,1481,2628,0.1999729948690251,0.3548474210099919,1275.0,0.348235294117647,37.0
203021042,Highton,2111.0,6421,1036,2675,0.1613455847998754,0.4166017754243887,1676.0,0.2595465393794749,38.0
203021043,Lara,1966.0,5756,865,2455,0.1502779708130646,0.4265114662960389,1554.0,0.2651222651222651,37.0
203021044,Leopold,1589.0,4401,800,1527,0.1817768688934333,0.3469665985003408,1358.0,0.1701030927835051,41.0
203021045,Newcomb - Moolap,1161.0,5721,1504,1290,0.262891102954029,0.2254850550603041,956.0,0.2144351464435146,45.0
203021046,Newtown (Vic.),2092.0,2941,573,1118,0.194831689901394,0.3801428085685141,1674.0,0.2497013142174432,40.0
203021047,North Geelong - Bell Park,1386.0,5491,1307,1590,0.2380258604989983,0.289564742305591,1096.0,0.2645985401459854,42.0
203021485,Charlemont,1988.0,3225,376,1464,0.1165891472868217,0.453953488372093,,,31.0
203021486,Corio - Lovely Banks,1230.0,5753,1348,1368,0.2343125325916913,0.2377889796627846,,,36.0
203021487,Grovedale - Mount Duneed,1779.0,7745,1279,3069,0.1651387992253066,0.3962556488056811,,,36.0
203021488,Norlane,926.0,3336,1151,531,0.3450239808153477,0.1591726618705036,,,38.0
203031048,Clifton Springs,1424.0,5817,1128,1811,0.1939143888602372,0.311328863675434,1163.0,0.2244196044711952,45.0
203031049,Lorne - Anglesea,1684.0,1914,359,606,0.1875653082549634,0.3166144200626959,1262.0,0.3343898573692551,55.0
203031051,Portarlington,1139.0,3622,991,795,0.2736057426836002,0.2194919933738266,896.0,0.2712053571428571,59.0
203031052,Point Lonsdale - Queenscliff,1521.0,1868,389,550,0.2082441113490364,0.2944325481798715,1211.0,0.2559867877786952,61.0
203031053,Torquay,2281.0,6309,898,2900,0.1423363449041052,0.4596608020288477,1767.0,0.2908885116015846,40.0
203031489,Barwon Heads - Armstrong Creek,2201.0,3074,353,1454,0.1148340923877683,0.4729993493819128,,,35.0
203031490,Ocean Grove,1882.0,5657,956,2239,0.1689941665193565,0.3957928230510871,,,44.0
204011054,Alexandra,1135.0,2540,698,580,0.2748031496062992,0.2283464566929134,936.0,0.2126068376068376,54.0
204011055,Euroa,1133.0,2468,665,517,0.2694489465153971,0.2094813614262561,914.0,0.2396061269146608,55.0
204011056,Kilmore - Broadford,1574.0,4866,930,1631,0.1911220715166461,0.3351829017673653,1323.0,0.1897203325774754,40.0
204011057,Mansfield (Vic.),1331.0,3328,768,877,0.2307692307692307,0.2635216346153846,1063.0,0.2521166509877705,48.0
204011058,Nagambie,1293.0,1577,398,411,0.2523779327837666,0.2606214331008243,1061.0,0.2186616399622997,51.0
204011059,Seymour,1165.0,2326,625,547,0.2687016337059329,0.2351676698194325,977.0,0.1924257932446264,45.0
204011060,Seymour Surrounds,1900.0,1220,163,503,0.1336065573770491,0.4122950819672131,1525.0,0.2459016393442623,39.0
204011061,Upper Yarra Valley,900.0,81,25,10,0.3086419753086419,0.1234567901234567,747.0,0.2048192771084337,43.0
204011062,Yea,1222.0,1403,364,348,0.2594440484675695,0.248039914468995,1003.0,0.2183449651046859,53.0
204021063,Benalla,1142.0,4027,1067,916,0.2649615098087907,0.2274646138564688,905.0,0.261878453038674,51.0
204021064,Benalla Surrounds,1363.0,1251,259,332,0.2070343725019984,0.2653876898481215,1121.0,0.215878679750223,52.0
204021065,Rutherglen,1344.0,1407,291,413,0.2068230277185501,0.2935323383084577,1143.0,0.1758530183727034,49.0
204021066,Wangaratta,1242.0,7185,1805,1863,0.2512178148921364,0.2592901878914405,1026.0,0.2105263157894736,44.0
204021067,Wangaratta Surrounds,1501.0,3131,582,1020,0.1858831044394762,0.3257745129351644,1210.0,0.240495867768595,48.0
204031068,Beechworth,1434.0,1683,368,508,0.2186571598336304,0.3018419489007724,1173.0,0.2225063938618925,49.0
204031069,Bright - Mount Beauty,1397.0,2867,604,844,0.2106731775374956,0.2943843739100105,1039.0,0.3445620789220404,47.0
204031070,Chiltern - Indigo Valley,1493.0,1045,192,328,0.1837320574162679,0.3138755980861244,1341.0,0.1133482475764355,47.0
204031071,Myrtleford,1226.0,1707,417,434,0.2442882249560632,0.2542472173403632,960.0,0.2770833333333333,50.0
204031072,Towong,1280.0,2079,481,511,0.2313612313612313,0.2457912457912457,1039.0,0.231953801732435,52.0
204031073,West Wodonga,1470.0,5155,1013,1616,0.1965082444228904,0.313482056256062,1315.0,0.11787072243346,39.0
204031075,Yackandandah,1833.0,1477,233,579,0.1577522004062288,0.3920108327691266,1445.0,0.2685121107266436,45.0
204031491,Baranduda - Leneva,2143.0,3455,332,1746,0.0960926193921852,0.5053545586107091,,,33.0
204031492,Wodonga,1214.0,5776,1378,1377,0.238573407202216,0.2384002770083102,,,41.0
205011076,Drouin,1452.0,6371,1271,1929,0.1994977240621566,0.302778213781196,1170.0,0.241025641025641,39.0
205011077,Mount Baw Baw Region,1456.0,2008,414,582,0.2061752988047809,0.2898406374501992,1208.0,0.2052980132450331,48.0
205011078,Trafalgar (Vic.),1452.0,2736,581,844,0.2123538011695906,0.3084795321637427,1220.0,0.1901639344262295,43.0
205011079,Warragul,1590.0,7236,1395,2419,0.1927860696517413,0.3343007186290768,1211.0,0.3129644921552436,41.0
205021080,Alps - East,0.0,0,0,0,,,,,0.0
205021081,Bairnsdale,1194.0,5575,1382,1292,0.2478923766816143,0.2317488789237668,985.0,0.2121827411167512,45.0
205021082,Bruthen - Omeo,1323.0,2679,582,709,0.2172452407614781,0.2646509891750653,1082.0,0.2227356746765249,48.0
205021083,Lake King,0.0,0,0,0,,,,,0.0
205021084,Lakes Entrance,1014.0,4076,1145,773,0.2809126594700687,0.1896467124631992,889.0,0.140607424071991,55.0
205021085,Orbost,926.0,2403,792,394,0.3295880149812734,0.1639617145235122,769.0,0.2041612483745123,55.0
205021086,Paynesville,1071.0,2701,674,514,0.249537208441318,0.1902998889300259,914.0,0.1717724288840262,61.0
205031087,Foster,1110.0,3398,956,720,0.2813419658622719,0.2118893466745144,912.0,0.2171052631578947,54.0
205031088,French Island,1014.0,44,14,6,0.3181818181818182,0.1363636363636363,477.0,1.1257861635220126,52.0
205031089,Korumburra,1384.0,3156,689,903,0.2183143219264892,0.2861216730038022,1075.0,0.2874418604651163,46.0
205031090,Leongatha,1315.0,3887,939,1088,0.241574479032673,0.2799073835863133,1128.0,0.1657801418439716,47.0
205031091,Phillip Island,1175.0,4840,1251,1066,0.2584710743801653,0.2202479338842975,947.0,0.2407602956705385,52.0
205031092,Wilsons Promontory,1333.0,8,0,0,0.0,0.0,2249.0,-0.4072921298354824,31.0
205031093,Wonthaggi - Inverloch,1154.0,9702,2629,2172,0.2709750566893424,0.2238713667285095,909.0,0.2695269526952695,51.0
205041094,Churchill,1409.0,3747,793,1099,0.2116359754470242,0.2933013077128369,1265.0,0.1138339920948616,42.0
205041095,Moe - Newborough,1017.0,6400,2065,1292,0.32265625,0.201875,872.0,0.1662844036697247,45.0
205041096,Morwell,942.0,5160,1722,835,0.3337209302325581,0.1618217054263566,808.0,0.1658415841584158,43.0
205041098,Yallourn North - Glengarry,1656.0,1425,254,505,0.1782456140350877,0.3543859649122807,1370.0,0.2087591240875912,41.0
205041493,Traralgon - East,1386.0,3955,980,1137,0.247787610619469,0.2874841972187105,,,41.0
205041494,Traralgon - West,1635.0,5573,1074,1918,0.1927148752915844,0.3441593396734254,,,39.0
205051099,Alps - West,699.0,8,3,0,0.375,0.0,850.0,-0.1776470588235294,65.0
205051100,Longford - Loch Sport,1079.0,1586,510,344,0.3215636822194199,0.2168978562421185,943.0,0.144220572640509,52.0
205051101,Maffra,1324.0,4862,1144,1308,0.2352941176470588,0.2690250925545043,1125.0,0.1768888888888889,43.0
205051102,Rosedale,1487.0,1198,222,368,0.1853088480801335,0.3071786310517529,1314.0,0.1316590563165905,39.0
205051103,Sale,1331.0,5280,1276,1405,0.2416666666666666,0.2660984848484848,1162.0,0.1454388984509466,42.0
205051104,Yarram,1012.0,2057,609,376,0.2960622265435099,0.182790471560525,901.0,0.123196448390677,53.0
206011106,Brunswick East,2087.0,4844,657,2105,0.1356317093311313,0.4345582163501238,1723.0,0.2112594312246082,33.0
206011107,Brunswick West,1786.0,5217,959,1827,0.1838221199923327,0.3502012650948821,1416.0,0.2612994350282486,35.0
206011109,Pascoe Vale South,2245.0,2786,458,1228,0.1643933955491744,0.4407753050969131,1840.0,0.2201086956521739,39.0
206011495,Brunswick - North,2062.0,4386,701,1824,0.1598267213862289,0.4158686730506156,,,34.0
206011496,Brunswick - South,2126.0,4542,752,1938,0.1655658300308234,0.4266842800528401,,,34.0
206011497,Coburg - East,1944.0,4048,753,1590,0.1860177865612648,0.3927865612648221,,,37.0
206011498,Coburg - West,2186.0,3898,715,1669,0.1834273986659825,0.4281682914315033,,,37.0
206021110,Alphington - Fairfield,2112.0,2666,534,985,0.2003000750187547,0.3694673668417104,1818.0,0.1617161716171617,38.0
206021112,Thornbury,1978.0,6171,1193,2346,0.1933236104359099,0.3801652892561983,1537.0,0.2869225764476252,37.0
206021499,Northcote - East,2251.0,4201,802,1662,0.1909069269221613,0.3956200904546536,,,38.0
206021500,Northcote - West,2318.0,3012,504,1313,0.1673306772908366,0.4359229747675963,,,36.0
206031113,Ascot Vale,2192.0,4239,872,1635,0.2057088936069827,0.3857041755130927,1757.0,0.2475811041548093,37.0
206031115,Flemington,1571.0,3393,829,1008,0.2443265546713822,0.2970822281167108,1265.0,0.241897233201581,34.0
206031116,Moonee Ponds,2111.0,5122,904,2015,0.1764935572042171,0.3934010152284264,1861.0,0.1343363782912412,38.0
206031501,Essendon (West) - Aberfeldie,2195.0,4343,723,1728,0.1664747870135851,0.3978816486299792,,,40.0
206031502,Essendon - East,2055.0,3934,640,1518,0.1626842907981698,0.385866802236909,,,37.0
206041117,Carlton,1289.0,6032,2007,1495,0.3327254641909814,0.2478448275862069,561.0,1.2976827094474153,27.0
206041118,Docklands,1956.0,6124,1009,2402,0.1647615937295885,0.3922273024167211,1868.0,0.0471092077087794,32.0
206041119,East Melbourne,2345.0,1588,214,660,0.1347607052896725,0.4156171284634761,2285.0,0.0262582056892779,42.0
206041120,Flemington Racecourse,2178.0,22,0,13,0.0,0.5909090909090909,1792.0,0.2154017857142857,32.0
206041121,Kensington (Vic.),2216.0,3502,650,1482,0.1856082238720731,0.4231867504283266,1956.0,0.1329243353783231,35.0
206041124,Parkville,1885.0,1670,297,598,0.1778443113772455,0.3580838323353293,1610.0,0.170807453416149,26.0
206041125,South Yarra - West,2259.0,2102,309,876,0.1470028544243577,0.4167459562321599,2018.0,0.1194251734390485,39.0
206041127,West Melbourne - Industrial,0.0,0,0,0,,,,,0.0
206041503,Melbourne CBD - East,1511.0,4019,930,1146,0.2314008459815874,0.2851455585966658,,,30.0
206041504,Melbourne CBD - North,1089.0,8066,2771,1547,0.3435407884949169,0.191792710141334,,,26.0
206041505,Melbourne CBD - West,1446.0,7165,1580,2031,0.2205163991625959,0.2834612700628053,,,29.0
206041506,North Melbourne,1718.0,5540,1300,1832,0.2346570397111913,0.3306859205776173,,,31.0
206041507,Royal Botanic Gardens Victoria,7000.0,0,0,0,,,,,70.0
206041508,Southbank (West) - South Wharf,2054.0,2616,368,1074,0.1406727828746177,0.4105504587155963,,,33.0
206041509,Southbank - East,1880.0,7175,987,2789,0.1375609756097561,0.3887108013937282,,,31.0
206041510,West Melbourne - Residential,1784.0,2892,503,1016,0.1739280774550484,0.3513139695712309,,,31.0
206051128,Albert Park,2303.0,4796,817,1916,0.1703502919099249,0.3994995829858215,2185.0,0.0540045766590389,41.0
206051129,Elwood,2093.0,5243,818,2021,0.1560175472057982,0.3854663360671371,1893.0,0.1056524035921817,38.0
206051130,Port Melbourne,2347.0,4922,990,2062,0.201137748882568,0.4189353921170256,2190.0,0.0716894977168949,43.0
206051134,St Kilda East,1988.0,5872,973,2291,0.1657016348773842,0.3901566757493188,1636.0,0.2151589242053789,34.0
206051511,Port Melbourne Industrial,2407.0,559,48,287,0.0858676207513416,0.5134168157423972,,,32.0
206051512,South Melbourne,2103.0,4103,884,1558,0.2154521082135023,0.3797221545210821,,,39.0
206051513,St Kilda - Central,1788.0,5326,943,1884,0.1770559519339091,0.3537363875328577,,,35.0
206051514,St Kilda - West,1849.0,5555,1001,1999,0.1801980198019802,0.3598559855985598,,,38.0
206061135,Armadale,2207.0,2999,547,1127,0.1823941313771257,0.3757919306435478,2007.0,0.0996512207274539,38.0
206061136,Prahran - Windsor,2098.0,7241,1250,2888,0.1726280900428117,0.3988399392349123,1841.0,0.1395980445410103,34.0
206061138,Toorak,2538.0,3298,575,1307,0.1743480897513644,0.3963007883565797,2313.0,0.0972762645914396,47.0
206061515,South Yarra - North,2042.0,4885,670,2006,0.1371545547594677,0.4106448311156602,,,32.0
206061516,South Yarra - South,2001.0,3679,771,1316,0.2095678173416689,0.3577058983419407,,,35.0
206071139,Abbotsford,2197.0,3338,479,1488,0.1434991012582384,0.4457759137207909,2001.0,0.0979510244877561,33.0
206071140,Carlton North - Princes Hill,2355.0,2342,368,1007,0.157130657557643,0.4299743808710504,1991.0,0.1828227021597187,34.0
206071141,Collingwood,2130.0,3435,679,1471,0.1976710334788937,0.4282387190684134,1712.0,0.2441588785046729,33.0
206071142,Fitzroy,2194.0,3185,706,1242,0.2216640502354788,0.3899529042386185,1715.0,0.2793002915451895,35.0
206071143,Fitzroy North,2300.0,3786,768,1546,0.2028526148969889,0.4083465398837823,1920.0,0.1979166666666666,36.0
206071145,Clifton Hill - Alphington,2529.0,2561,389,1112,0.1518937914877001,0.4342053885201093,2193.0,0.1532147742818057,37.0
206071517,Richmond (South) - Cremorne,2577.0,5239,694,2511,0.1324680282496659,0.4792899408284023,,,33.0
206071518,Richmond - North,2009.0,5206,1057,2040,0.2030349596619285,0.3918555512869766,,,34.0
207011146,Ashburton (Vic.),2743.0,1685,353,680,0.2094955489614243,0.4035608308605341,2251.0,0.2185695246557085,41.0
207011147,Balwyn,2017.0,4336,946,1514,0.2181734317343173,0.349169741697417,1737.0,0.1611974668969487,43.0
207011148,Balwyn North,2350.0,4727,910,1913,0.1925111064099852,0.4046964247937381,1996.0,0.1773547094188376,42.0
207011149,Camberwell,2472.0,4835,846,1912,0.1749741468459152,0.3954498448810755,2212.0,0.1175406871609403,43.0
207011150,Glen Iris - East,2914.0,3550,556,1520,0.1566197183098591,0.428169014084507,2438.0,0.195242001640689,41.0
207011152,Hawthorn East,2228.0,4586,775,1789,0.1689925861317052,0.3901003052769298,1950.0,0.1425641025641025,36.0
207011154,Kew East,2485.0,1473,234,607,0.1588594704684317,0.4120841819416157,2152.0,0.1547397769516728,41.0
207011155,Surrey Hills (West) - Canterbury,2709.0,3478,663,1401,0.1906267970097757,0.4028177113283496,2341.0,0.1571977787270397,45.0
207011519,Hawthorn - North,2300.0,2706,433,1091,0.1600147819660014,0.4031781226903178,,,35.0
207011520,Hawthorn - South,2055.0,4021,673,1512,0.1673713006714747,0.3760258642128823,,,34.0
207011521,Kew - South,2577.0,2640,453,1120,0.1715909090909091,0.4242424242424242,,,42.0
207011522,Kew - West,2459.0,3127,525,1301,0.1678925487687879,0.416053725615606,,,41.0
207021156,Bulleen,1812.0,3311,719,1150,0.2171549380851706,0.347327091513138,1501.0,0.207195203197868,45.0
207021157,Doncaster,1595.0,8094,1788,2552,0.2209043736100815,0.3152952804546577,1364.0,0.1693548387096774,40.0
207021159,Templestowe,2163.0,4111,697,1628,0.1695451228411578,0.3960107029919728,1916.0,0.1289144050104384,46.0
207021160,Templestowe Lower,1919.0,3891,725,1438,0.1863274222564893,0.3695708044204575,1596.0,0.2023809523809523,45.0
207021424,Doncaster East - North,1934.0,4204,737,1611,0.1753092293054234,0.3832064700285442,1743.0,0.1095811818703385,43.0
207021425,Doncaster East - South,1656.0,4681,998,1576,0.2132023071993163,0.336680196539201,1316.0,0.2583586626139817,40.0
207031161,Blackburn,2050.0,6224,1127,2410,0.181073264781491,0.3872107969151671,1693.0,0.2108682811577082,40.0
207031162,Blackburn South,1861.0,3158,745,1145,0.2359088030398986,0.3625712476250791,1516.0,0.2275725593667546,42.0
207031163,Box Hill,1441.0,7539,2020,2129,0.2679400450988194,0.2823981960472211,1200.0,0.2008333333333333,34.0
207031164,Box Hill North,1920.0,5171,1041,1906,0.2013150261071359,0.3685940823825179,1544.0,0.2435233160621761,39.0
207031165,Burwood (Vic.),1564.0,3645,993,1160,0.2724279835390946,0.3182441700960219,1126.0,0.38898756660746,33.0
207031166,Burwood East,1610.0,3324,711,1120,0.213898916967509,0.3369434416365824,1373.0,0.1726147123088128,41.0
207031167,Surrey Hills (East) - Mont Albert,2388.0,2548,428,1058,0.1679748822605965,0.4152276295133438,2147.0,0.1122496506753609,42.0
208011168,Beaumaris,2622.0,3128,511,1277,0.1633631713554987,0.4082480818414322,2213.0,0.184816990510619,48.0
208011169,Brighton (Vic.),2718.0,5087,952,1943,0.1871436996264989,0.381954000393159,2409.0,0.1282689912826899,48.0
208011170,Brighton East,2720.0,3538,709,1420,0.2003957037874505,0.4013566986998304,2180.0,0.2477064220183486,44.0
208011171,Highett (West) - Cheltenham,2291.0,3334,634,1370,0.1901619676064787,0.4109178164367126,1724.0,0.3288863109048724,40.0
208011172,Hampton,2415.0,4407,1025,1631,0.2325845246199228,0.370093033809848,2031.0,0.1890694239290989,43.0
208011173,Sandringham - Black Rock,2356.0,4439,886,1689,0.1995945032665014,0.3804911015994593,2111.0,0.1160587399336807,48.0
208021174,Bentleigh - McKinnon,2240.0,6579,1219,2637,0.1852865177078583,0.4008207934336525,1830.0,0.2240437158469945,40.0
208021176,Carnegie,1873.0,6451,1275,2336,0.197643776158735,0.3621144008680824,1477.0,0.2681110358835477,36.0
208021177,Caulfield - North,2184.0,5986,1129,2305,0.1886067490811894,0.3850651520213832,1922.0,0.1363163371488033,35.0
208021178,Caulfield - South,2289.0,4661,827,1881,0.1774297361081313,0.4035614674962454,1911.0,0.1978021978021978,41.0
208021179,Elsternwick,2171.0,3540,640,1364,0.1807909604519774,0.3853107344632768,1877.0,0.1566329248801278,38.0
208021180,Hughesdale,2057.0,2262,442,890,0.1954022988505747,0.3934571175950486,1688.0,0.2186018957345971,38.0
208021181,Murrumbeena,2089.0,2775,490,1069,0.1765765765765765,0.3852252252252252,1656.0,0.2614734299516908,38.0
208021182,Ormond - Glen Huntly,1978.0,4233,763,1608,0.1802504134183794,0.3798724309000709,1553.0,0.2736638763683194,36.0
208021426,Bentleigh East - North,2250.0,4261,747,1801,0.1753109598685754,0.4226707345693499,1763.0,0.2762336925694838,39.0
208021427,Bentleigh East - South,2173.0,3873,687,1604,0.1773818745158791,0.4141492383165505,1705.0,0.2744868035190616,40.0
208031183,Aspendale Gardens - Waterways,2348.0,2128,275,1002,0.1292293233082706,0.4708646616541353,2039.0,0.1515448749386954,42.0
208031184,Braeside,933.0,14,3,4,0.2142857142857142,0.2857142857142857,900.0,0.0366666666666666,56.0
208031185,Carrum - Patterson Lakes,1853.0,3980,765,1523,0.1922110552763819,0.3826633165829146,1547.0,0.1978021978021978,44.0
208031186,Chelsea - Bonbeach,1718.0,5438,1153,1976,0.2120264803236484,0.3633688856197131,1376.0,0.2485465116279069,41.0
208031187,Chelsea Heights,1867.0,1658,327,677,0.1972255729794933,0.4083232810615199,1515.0,0.2323432343234323,40.0
208031188,Highett (East) - Cheltenham ,1853.0,7900,1622,2953,0.2053164556962025,0.3737974683544304,1466.0,0.2639836289222373,40.0
208031189,Edithvale - Aspendale,2223.0,3900,615,1728,0.1576923076923077,0.4430769230769231,1787.0,0.2439843312814773,40.0
208031190,Mentone,1889.0,4474,858,1664,0.1917746982565936,0.3719266875279392,1521.0,0.2419460880999342,42.0
208031191,Moorabbin - Heatherton,2046.0,2639,490,1079,0.1856763925729443,0.4088669950738916,1569.0,0.3040152963671128,40.0
208031192,Moorabbin Airport,0.0,0,0,0,,,,,22.0
208031193,Mordialloc - Parkdale,2090.0,6165,1144,2384,0.1855636658556366,0.3866991078669911,1701.0,0.2286890064667842,42.0
208041194,Malvern - Glen Iris,2364.0,5419,964,2128,0.1778926001107215,0.3926923786676508,2075.0,0.1392771084337349,40.0
208041195,Malvern East,2386.0,5360,1008,2120,0.1880597014925373,0.3955223880597014,1937.0,0.2318017552916881,38.0
209011196,Bundoora - East,1705.0,2954,553,1034,0.1872037914691943,0.3500338524035206,1362.0,0.2518355359765051,39.0
209011197,Greensborough,2078.0,6071,962,2581,0.158458244111349,0.4251358919453137,1727.0,0.2032426172553561,42.0
209011198,Heidelberg - Rosanna,2102.0,4720,834,1899,0.1766949152542372,0.4023305084745763,1731.0,0.2143269786250722,40.0
209011199,Heidelberg West,1618.0,5062,1195,1725,0.2360726985381272,0.3407743974713552,1194.0,0.355108877721943,35.0
209011200,Ivanhoe,2280.0,3432,579,1401,0.1687062937062937,0.4082167832167832,1925.0,0.1844155844155844,41.0
209011201,Ivanhoe East - Eaglemont,2914.0,1651,259,729,0.1568746214415505,0.4415505754088431,2416.0,0.2061258278145695,45.0
209011202,Montmorency - Briar Hill,2068.0,4959,762,2059,0.1536600120992135,0.4152046783625731,1731.0,0.194685153090699,42.0
209011203,Viewbank - Yallambie,2025.0,5345,946,2177,0.1769878391019644,0.4072965388213283,1684.0,0.2024940617577197,40.0
209011204,Watsonia,1961.0,2862,493,1190,0.1722571628232005,0.4157931516422082,1545.0,0.2692556634304207,39.0
209021205,Kingsbury,1727.0,2939,568,969,0.1932630146308268,0.3297039809459,1367.0,0.2633504023408924,34.0
209021428,Preston - East,1787.0,7192,1438,2684,0.1999443826473859,0.3731924360400445,1386.0,0.2893217893217893,36.0
209021429,Preston - West,1970.0,3835,745,1500,0.1942633637548891,0.3911342894393741,1529.0,0.2884238064094179,38.0
209021523,Reservoir - North East,1544.0,5330,1142,1816,0.2142589118198874,0.3407129455909943,,,36.0
209021524,Reservoir - North West,1442.0,2995,678,914,0.2263772954924874,0.3051752921535893,,,43.0
209021525,Reservoir - South East,1401.0,4443,1179,1306,0.2653612424037812,0.2939455322979968,,,38.0
209021526,Reservoir - South West,1743.0,4866,926,1820,0.1903000411015207,0.3740238388820386,,,37.0
209031209,Eltham,2464.0,5666,761,2667,0.1343099188139781,0.4707024355806565,2127.0,0.158439116125999,43.0
209031210,Hurstbridge,2168.0,986,138,459,0.1399594320486815,0.4655172413793103,1799.0,0.2051139521956642,41.0
209031211,Kinglake,1809.0,1164,172,453,0.1477663230240549,0.3891752577319587,1434.0,0.2615062761506276,42.0
209031212,Panton Hill - St Andrews,2254.0,1195,171,529,0.1430962343096234,0.4426778242677824,1881.0,0.1982987772461456,48.0
209031213,Plenty - Yarrambat,2554.0,2104,259,1033,0.1230988593155893,0.4909695817490494,2183.0,0.1699496106275767,43.0
209031214,Research - North Warrandyte,2831.0,1363,151,675,0.1107850330154072,0.4952311078503301,2295.0,0.2335511982570806,43.0
209031215,Wattle Glen - Diamond Creek,2496.0,3539,411,1860,0.1161345012715456,0.525572195535462,2066.0,0.2081316553727008,39.0
209041216,Bundoora - North,1833.0,2101,377,808,0.1794383626844359,0.3845787720133269,1432.0,0.2800279329608938,37.0
209041217,Bundoora - West,1423.0,2085,469,621,0.2249400479616307,0.297841726618705,1156.0,0.2309688581314879,40.0
209041220,Mill Park - North,1798.0,5102,782,1960,0.1532732261858095,0.3841630733045864,1528.0,0.1767015706806282,40.0
209041221,Mill Park - South,1647.0,3446,592,1254,0.1717933836331979,0.3639001741149158,1469.0,0.1211708645336964,39.0
209041223,Thomastown,1225.0,6530,1629,1651,0.2494640122511485,0.252833078101072,1017.0,0.2045231071779744,39.0
209041224,Wallan,2002.0,6085,644,2719,0.1058340180772391,0.4468364831552999,1647.0,0.2155434122647237,33.0
209041225,Whittlesea,1855.0,2905,486,1184,0.1672977624784853,0.4075731497418244,1452.0,0.2775482093663912,37.0
209041431,Epping - East,1675.0,3615,521,1308,0.1441217150760719,0.3618257261410788,1403.0,0.1938702779757662,37.0
209041432,Epping - South,1443.0,2509,461,733,0.1837385412514946,0.2921482662415305,1205.0,0.1975103734439834,38.0
209041433,Epping (Vic.) - West,1848.0,3253,349,1337,0.1072855825391946,0.4110052259452812,1606.0,0.1506849315068493,32.0
209041435,South Morang - North,2242.0,3200,277,1635,0.0865625,0.5109375,1889.0,0.1868713605082054,35.0
209041436,South Morang - South,1899.0,3546,495,1480,0.1395939086294416,0.4173716864072194,1592.0,0.1928391959798994,37.0
209041437,Wollert,1979.0,6392,597,2907,0.093397997496871,0.4547872340425531,1612.0,0.227667493796526,30.0
209041527,Doreen - North,2173.0,4239,440,2062,0.103798065581505,0.4864354800660533,,,34.0
209041528,Doreen - South,2120.0,3027,276,1508,0.0911793855302279,0.4981830194912454,,,32.0
209041529,Lalor - East,1224.0,3258,786,830,0.2412523020257826,0.2547575199508901,,,38.0
209041530,Lalor - West,1450.0,3866,733,1234,0.1896016554578375,0.3191929643041903,,,37.0
209041531,Mernda - North,1897.0,3320,468,1382,0.1409638554216867,0.4162650602409639,,,34.0
209041532,Mernda - South,2109.0,3117,249,1528,0.0798845043310875,0.4902149502726981,,,32.0
210011226,Airport West,1761.0,2878,569,1050,0.1977067407922168,0.3648366921473245,1375.0,0.2807272727272727,39.0
210011227,Essendon Airport,0.0,0,0,0,,,,,45.0
210011228,Keilor,1820.0,2493,513,911,0.2057761732851985,0.3654231849177697,1527.0,0.1918795022920759,45.0
210011230,Niddrie - Essendon West,2239.0,2057,382,885,0.1857073407875547,0.4302382109868741,1747.0,0.2816256439610761,40.0
210011231,Strathmore,2440.0,2398,343,1038,0.1430358632193494,0.4328607172643869,2069.0,0.1793136781053649,41.0
210011533,Avondale Heights,1587.0,3661,830,1227,0.2267140125648729,0.3351543294181917,,,45.0
210011534,Keilor East,1913.0,4357,849,1698,0.1948588478310764,0.3897176956621528,,,43.0
210021232,Gisborne,2311.0,3508,519,1611,0.1479475484606613,0.4592360319270239,1869.0,0.2364901016586409,40.0
210021233,Macedon,2457.0,809,138,335,0.1705809641532756,0.4140914709517923,1932.0,0.2717391304347826,46.0
210021234,Riddells Creek,2156.0,1194,166,529,0.1390284757118928,0.4430485762144053,1830.0,0.1781420765027322,42.0
210021235,Romsey,2004.0,3010,463,1276,0.1538205980066445,0.4239202657807309,1579.0,0.2691576947435085,41.0
210031236,Coburg North,1980.0,2491,482,1015,0.1934965877157768,0.4074668807707748,1503.0,0.3173652694610778,38.0
210031237,Fawkner,1436.0,3963,917,1226,0.2313903608377492,0.3093615947514509,1088.0,0.3198529411764705,35.0
210031439,Gowanbrae,2162.0,860,134,373,0.1558139534883721,0.4337209302325581,1779.0,0.2152894884766722,40.0
210031440,Hadfield,1538.0,1991,455,630,0.2285283776996484,0.3164239075841286,1129.0,0.3622674933569531,36.0
210031535,Glenroy - East,1526.0,4617,1017,1540,0.2202729044834308,0.333549924193199,,,34.0
210031536,Glenroy - West,1869.0,2651,455,1059,0.1716333459072048,0.3994718973972086,,,33.0
210031537,Oak Park,2204.0,2386,350,1100,0.1466890192791282,0.4610226320201173,,,36.0
210031538,Pascoe Vale,2003.0,5553,991,2331,0.1784620925625787,0.419773095623987,,,36.0
210041240,Sunbury,2106.0,3759,503,1698,0.1338121840915137,0.4517158818834796,1708.0,0.2330210772833723,39.0
210041539,Diggers Rest,2009.0,1716,171,798,0.0996503496503496,0.465034965034965,,,32.0
210041540,Sunbury - South,1727.0,4908,908,1848,0.1850040749796251,0.3765281173594132,,,38.0
210041541,Sunbury - West,1987.0,3383,431,1490,0.127401714454626,0.4404374815252734,,,36.0
210051242,Broadmeadows,1172.0,3898,1022,866,0.2621857362750128,0.2221652129297075,913.0,0.2836801752464403,33.0
210051243,Campbellfield - Coolaroo,1104.0,4370,1135,853,0.2597254004576659,0.1951945080091533,927.0,0.1909385113268608,34.0
210051245,Gladstone Park - Westmeadows,1600.0,5585,1090,1944,0.1951656222023276,0.3480752014324082,1386.0,0.1544011544011544,41.0
210051246,Greenvale - Bulla,2250.0,5184,555,2541,0.1070601851851851,0.490162037037037,2020.0,0.1138613861386138,35.0
210051247,Meadow Heights,1274.0,3784,794,930,0.2098308668076109,0.2457716701902748,1044.0,0.2203065134099616,34.0
210051248,Melbourne Airport,1437.0,3,3,0,1.0,0.0,2250.0,-0.3613333333333333,38.0
210051250,Tullamarine,1404.0,2472,521,723,0.2107605177993527,0.2924757281553398,1194.0,0.1758793969849246,40.0
210051441,Craigieburn - Central,1523.0,2298,380,736,0.165361183637946,0.3202785030461271,1350.0,0.1281481481481481,34.0
210051442,Craigieburn - North,1958.0,2959,338,1283,0.1142277796552889,0.4335924298749578,1669.0,0.1731575793888556,32.0
210051443,Craigieburn - South,1835.0,5295,663,2133,0.1252124645892351,0.4028328611898017,1489.0,0.2323707186030893,32.0
210051445,Mickleham - Yuroke,1982.0,5919,429,2671,0.072478459199189,0.4512586585571887,1816.0,0.0914096916299559,30.0
210051542,Craigieburn - North West,1876.0,2474,202,1048,0.0816491511721907,0.423605497170574,,,30.0
210051543,Craigieburn - West,1752.0,3344,417,1286,0.124700956937799,0.3845693779904306,,,31.0
210051544,Roxburgh Park (South) - Somerton,1642.0,2253,340,806,0.1509098979138926,0.35774522858411,,,34.0
210051545,Roxburgh Park - North,1619.0,3123,464,1040,0.148575088056356,0.3330131284021774,,,30.0
211011251,Bayswater,1610.0,4403,792,1578,0.1798773563479445,0.358392005450829,1301.0,0.2375096079938508,38.0
211011254,Knoxfield - Scoresby,1953.0,4841,735,2008,0.1518281346829167,0.4147903325759141,1589.0,0.2290748898678414,39.0
211011255,Lysterfield,2756.0,1385,140,730,0.1010830324909747,0.5270758122743683,2337.0,0.1792896876337184,41.0
211011256,Rowville - Central,2083.0,4398,584,1959,0.132787630741246,0.4454297407912687,1763.0,0.1815087918321043,41.0
211011257,Rowville - North,2285.0,1996,273,916,0.1367735470941883,0.4589178356713427,1922.0,0.1888657648283038,41.0
211011258,Rowville - South,2363.0,2577,334,1261,0.1296080714008537,0.4893286767559177,2054.0,0.1504381694255112,42.0
211011259,Wantirna,1883.0,4082,653,1603,0.1599706026457618,0.3926996570308672,1574.0,0.1963151207115629,41.0
211011260,Wantirna South,1821.0,5114,1031,1868,0.2016034415330465,0.3652718028940164,1577.0,0.154724159797083,44.0
211011446,Boronia,1609.0,8183,1443,2852,0.176341195160699,0.3485274349260662,1310.0,0.2282442748091603,39.0
211011447,Ferntree Gully - North,1606.0,4815,945,1706,0.1962616822429906,0.3543094496365524,1356.0,0.1843657817109144,41.0
211011448,Ferntree Gully (South) - Upper Ferntree Gully,1960.0,4645,681,2001,0.1466092572658772,0.4307857911733046,1574.0,0.2452350698856416,39.0
211011449,The Basin,2049.0,1254,153,571,0.1220095693779904,0.4553429027113237,1723.0,0.1892048752176436,39.0
211021261,Donvale - Park Orchards,2284.0,3685,693,1432,0.1880597014925373,0.3886024423337856,1945.0,0.174293059125964,45.0
211021262,Warrandyte - Wonga Park,2779.0,1998,261,959,0.1306306306306306,0.47997997997998,2333.0,0.1911701671667381,46.0
211031263,Bayswater North,1800.0,3686,567,1448,0.1538252848616386,0.3928377645143787,1519.0,0.1849901250822909,39.0
211031265,Croydon Hills - Warranwood,2377.0,4529,576,2152,0.1271803930227423,0.4751600794877456,2018.0,0.1778989098116947,41.0
211031266,Ringwood,1660.0,6312,1226,2228,0.194233206590621,0.35297845373891,1360.0,0.2205882352941176,38.0
211031267,Ringwood East,1945.0,6341,1091,2519,0.1720548809336066,0.3972559533196657,1592.0,0.2217336683417085,39.0
211031268,Ringwood North,2330.0,2468,344,1110,0.1393841166936791,0.4497568881685575,1910.0,0.2198952879581152,43.0
211031450,Croydon - East,1566.0,5779,1138,1923,0.1969198823325834,0.3327565322720194,1314.0,0.1917808219178082,38.0
211031451,Croydon - West,1695.0,4435,927,1595,0.2090191657271702,0.3596392333709132,1388.0,0.2211815561959654,41.0
211031452,Croydon South,1888.0,1527,246,621,0.1611001964636542,0.4066797642436149,1587.0,0.1896660365469439,38.0
211041269,Forest Hill,1658.0,3348,804,1127,0.2401433691756272,0.3366188769414576,1344.0,0.2336309523809523,42.0
211041270,Mitcham (Vic.),2030.0,5153,851,2095,0.1651465165922763,0.4065592858529012,1650.0,0.2303030303030303,39.0
211041271,Nunawading,1938.0,3623,721,1403,0.1990063483301131,0.387248136903119,1510.0,0.2834437086092715,39.0
211041272,Vermont,2042.0,2984,484,1227,0.1621983914209115,0.4111930294906166,1664.0,0.2271634615384615,40.0
211041273,Vermont South,1944.0,3176,591,1205,0.1860831234256927,0.3794080604534005,1665.0,0.1675675675675675,46.0
211051274,Belgrave - Selby,2253.0,2672,359,1270,0.1343562874251497,0.4752994011976048,1748.0,0.2889016018306636,40.0
211051275,Chirnside Park,2084.0,3296,494,1476,0.149878640776699,0.4478155339805825,1728.0,0.2060185185185185,38.0
211051276,Healesville - Yarra Glen,1594.0,4419,838,1500,0.1896356641774157,0.3394433129667346,1278.0,0.2472613458528951,45.0
211051277,Kilsyth,1654.0,3407,626,1257,0.1837393601408864,0.368946287056061,1343.0,0.2315711094564408,38.0
211051278,Lilydale - Coldstream,1784.0,6151,1072,2420,0.1742806047797106,0.3934319622825556,1466.0,0.2169167803547066,40.0
211051279,Monbulk - Silvan,1872.0,1649,264,644,0.1600970285021224,0.3905397210430564,1505.0,0.2438538205980066,43.0
211051280,Montrose,2094.0,1909,304,852,0.1592456783656364,0.4463069669984285,1711.0,0.2238457042665108,41.0
211051281,Mooroolbark,1992.0,6735,957,2932,0.1420935412026726,0.4353377876763177,1594.0,0.2496863237139272,37.0
211051282,Mount Dandenong - Olinda,2102.0,2750,431,1168,0.1567272727272727,0.4247272727272727,1680.0,0.2511904761904762,45.0
211051283,Mount Evelyn,2045.0,2835,381,1298,0.1343915343915344,0.4578483245149912,1655.0,0.2356495468277945,38.0
211051284,Upwey - Tecoma,2148.0,2846,375,1317,0.1317638791286015,0.4627547434996486,1762.0,0.2190692395005675,41.0
211051285,Wandin - Seville,2066.0,2138,282,956,0.1318989710009354,0.4471468662301216,1611.0,0.2824332712600869,39.0
211051286,Yarra Valley,1439.0,5327,1147,1619,0.2153181903510418,0.3039234090482448,1142.0,0.2600700525394046,43.0
212011289,Emerald - Cockatoo,2176.0,4714,588,2176,0.1247348324140857,0.4616037335596096,1716.0,0.2680652680652681,41.0
212011546,Beaconsfield - Officer,2146.0,6571,622,3202,0.0946583472835184,0.4872926495206209,,,33.0
212011547,Bunyip - Garfield,1897.0,2560,416,1037,0.1625,0.405078125,,,40.0
212011548,Koo Wee Rup,1823.0,3049,517,1261,0.1695637914070187,0.4135782223679895,,,35.0
212011549,Pakenham - North East,1651.0,4888,711,1740,0.1454582651391162,0.3559738134206219,,,32.0
212011550,Pakenham - North West,1887.0,2168,253,907,0.1166974169741697,0.4183579335793358,,,32.0
212011551,Pakenham - South East,1235.0,2318,549,547,0.2368421052631578,0.2359792924935289,,,35.0
212011552,Pakenham - South West,1803.0,7475,965,2953,0.1290969899665552,0.3950501672240802,,,33.0
212021293,Berwick - North,1885.0,6648,1201,2545,0.1806558363417569,0.3828219013237063,1558.0,0.2098844672657253,43.0
212021295,Doveton,1262.0,3564,864,850,0.2424242424242424,0.2384960718294051,973.0,0.2970195272353546,34.0
212021297,Hallam,1496.0,3134,533,1006,0.1700701978302488,0.3209955328653478,1297.0,0.1534309946029298,36.0
212021299,Narre Warren North,2659.0,1540,188,784,0.122077922077922,0.509090909090909,2182.0,0.2186067827681026,43.0
212021453,Endeavour Hills - North,1823.0,3269,508,1310,0.1553992046497399,0.4007341694707861,1485.0,0.2276094276094276,39.0
212021454,Endeavour Hills - South,1733.0,3750,603,1398,0.1608,0.3728,1468.0,0.1805177111716621,39.0
212021455,Narre Warren - North East,1920.0,3670,480,1549,0.1307901907356948,0.4220708446866485,1619.0,0.18591723285979,36.0
212021456,Narre Warren - South West,1615.0,4434,691,1533,0.1558412268831754,0.3457374830852503,1345.0,0.2007434944237918,35.0
212021553,Berwick - South East,2361.0,4110,383,2160,0.0931873479318734,0.5255474452554745,,,35.0
212021554,Berwick - South West,2175.0,2931,232,1465,0.0791538723984988,0.4998294097577618,,,34.0
212031300,Cranbourne,1477.0,6357,1060,1970,0.1667453201195532,0.309894604373132,1251.0,0.1806554756195044,35.0
212031303,Cranbourne South,2228.0,4606,414,2397,0.0898827616152844,0.5204081632653061,1865.0,0.1946380697050938,32.0
212031304,Cranbourne West,1903.0,5876,555,2540,0.0944520081688223,0.4322668481960517,1564.0,0.2167519181585677,32.0
212031306,Lynbrook - Lyndhurst,2330.0,4015,277,2194,0.0689912826899128,0.5464508094645081,1948.0,0.1960985626283367,33.0
212031308,Pearcedale - Tooradin,1895.0,2226,321,920,0.1442048517520215,0.4132973944294699,1536.0,0.2337239583333333,40.0
212031457,Narre Warren South - East,2352.0,2896,250,1489,0.0863259668508287,0.5141574585635359,2006.0,0.172482552342971,36.0
212031458,Narre Warren South - West,2011.0,4001,397,1808,0.0992251937015746,0.4518870282429392,1654.0,0.2158403869407497,33.0
212031555,Clyde North - North,2288.0,2591,215,1395,0.0829795445773832,0.5384021613276727,,,32.0
212031556,Clyde North - South,2193.0,3713,151,1985,0.0406679235119849,0.5346081335847024,,,29.0
212031557,Cranbourne East - North,1931.0,5994,641,2648,0.1069402736069402,0.4417751084417751,,,31.0
212031558,Cranbourne East - South,1958.0,3349,345,1529,0.1030158256195879,0.4565541952821738,,,30.0
212031559,Cranbourne North - East,2184.0,2988,193,1549,0.0645917001338688,0.5184069611780455,,,30.0
212031560,Cranbourne North - West,1686.0,3298,446,1206,0.1352334748332322,0.3656761673741661,,,34.0
212031561,Hampton Park - East,1623.0,3299,435,1138,0.1318581388299484,0.3449530160654744,,,32.0
212031562,Hampton Park - West,1462.0,3686,580,1137,0.1573521432447097,0.3084644601193705,,,34.0
212041309,Clarinda - Oakleigh South,1659.0,3387,722,1199,0.2131679952760555,0.3540005904930617,1417.0,0.1707833450952717,44.0
212041310,Clayton South,1630.0,4127,784,1429,0.1899685001211533,0.3462563605524594,1257.0,0.2967382657120127,34.0
212041312,Dandenong North,1436.0,6570,1371,2062,0.2086757990867579,0.3138508371385083,1183.0,0.2138630600169061,38.0
212041313,Dingley Village,1981.0,3048,561,1256,0.1840551181102362,0.4120734908136483,1596.0,0.2412280701754386,45.0
212041316,Noble Park North,1453.0,2325,466,758,0.2004301075268817,0.3260215053763441,1213.0,0.1978565539983512,40.0
212041317,Springvale,1401.0,6259,1402,1828,0.2239974436810992,0.2920594344144432,1077.0,0.3008356545961003,36.0
212041318,Springvale South,1505.0,3300,638,1075,0.1933333333333333,0.3257575757575757,1220.0,0.2336065573770492,38.0
212041459,Noble Park - East,1359.0,4215,930,1139,0.2206405693950178,0.2702253855278766,1117.0,0.216651745747538,35.0
212041460,Noble Park - West,1399.0,5656,1204,1636,0.2128712871287128,0.2892503536067892,1102.0,0.2695099818511797,36.0
212041563,Dandenong - North,1208.0,6578,1668,1527,0.2535725144420797,0.2321374277896017,,,35.0
212041564,Dandenong - South,1288.0,2521,623,664,0.2471241570805236,0.2633875446251487,,,32.0
212041565,Keysborough - North,1525.0,4259,808,1411,0.1897158957501761,0.3312984268607654,,,40.0
212041566,Keysborough - South,2493.0,3276,273,1791,0.0833333333333333,0.5467032967032966,,,34.0
212051319,Ashwood - Chadstone,2011.0,5563,1210,2139,0.2175085385583318,0.3845047636167535,1554.0,0.294079794079794,36.0
212051321,Glen Waverley - East,1949.0,5613,1155,2121,0.2057723142704436,0.3778727952966328,1564.0,0.2461636828644501,42.0
212051322,Glen Waverley - West,1890.0,5566,1151,2064,0.206791232482932,0.3708228530362917,1541.0,0.226476314081765,39.0
212051323,Mount Waverley - North,2049.0,4296,825,1687,0.1920391061452514,0.3926908752327747,1628.0,0.2585995085995086,40.0
212051324,Mount Waverley - South,2079.0,5137,920,2049,0.1790928557523846,0.3988709363441697,1655.0,0.2561933534743202,40.0
212051325,Mulgrave,1913.0,5509,948,2171,0.1720820475585405,0.394082410600835,1572.0,0.2169211195928753,40.0
212051326,Oakleigh - Huntingdale,1956.0,6824,1322,2694,0.1937280187573271,0.3947831184056272,1520.0,0.2868421052631579,37.0
212051327,Wheelers Hill,1818.0,5637,1230,1934,0.2182011708355508,0.3430902962568742,1670.0,0.0886227544910179,48.0
212051567,Clayton (North) - Notting Hill,1278.0,2673,739,692,0.2764683875794987,0.2588851477740366,,,26.0
212051568,Clayton - Central,1711.0,3506,699,1278,0.1993725042783799,0.3645179691956646,,,30.0
213011328,Ardeer - Albion,1366.0,2541,692,710,0.2723337268791814,0.2794175521448249,1071.0,0.2754435107376284,36.0
213011329,Cairnlea,2062.0,2286,293,1017,0.1281714785651793,0.4448818897637795,1748.0,0.1796338672768878,36.0
213011331,Delahey,1486.0,2370,503,763,0.2122362869198312,0.3219409282700421,1290.0,0.151937984496124,39.0
213011332,Keilor Downs,1553.0,3877,743,1285,0.1916430229558937,0.3314418364714986,1379.0,0.126178390137781,42.0
213011333,Kings Park (Vic.),1246.0,4022,901,1023,0.2240179015415216,0.2543510691198409,1074.0,0.1601489757914339,38.0
213011334,St Albans - North,1183.0,6095,1613,1402,0.2646431501230517,0.2300246103363412,990.0,0.1949494949494949,36.0
213011335,St Albans - South,1232.0,4893,1262,1244,0.2579194768035969,0.2542407520948293,1037.0,0.1880424300867888,38.0
213011336,Sunshine,1566.0,2841,586,943,0.2062653995072157,0.3319253783878916,1185.0,0.3215189873417721,35.0
213011337,Sunshine North,1399.0,3357,785,993,0.2338397378611856,0.2957998212689902,1094.0,0.2787934186471663,37.0
213011338,Sunshine West,1416.0,5413,1185,1576,0.218917421023462,0.2911509329392204,1147.0,0.2345248474280732,38.0
213011339,Sydenham,1820.0,3263,465,1283,0.1425068954949433,0.3931964449892737,1527.0,0.1918795022920759,37.0
213011340,Taylors Lakes,2167.0,4281,659,1869,0.1539359962625554,0.4365802382620883,1847.0,0.1732539252842447,45.0
213011569,Deer Park,1459.0,5109,1019,1562,0.1994519475435505,0.3057349774907026,,,35.0
213011570,Derrimut,2271.0,1850,162,949,0.0875675675675675,0.512972972972973,,,32.0
213021341,Altona,1861.0,4380,966,1607,0.2205479452054794,0.3668949771689497,1440.0,0.2923611111111111,42.0
213021342,Altona Meadows,1573.0,6239,1224,2139,0.1961852861035422,0.3428434043917294,1370.0,0.1481751824817518,41.0
213021343,Altona North,1740.0,4556,1020,1655,0.2238805970149253,0.3632572431957858,1274.0,0.3657770800627943,37.0
213021344,Newport,2555.0,4761,727,2238,0.1526990128124343,0.4700693131695022,2071.0,0.2337035248672139,38.0
213021345,Seabrook,2042.0,1351,169,596,0.1250925240562546,0.4411547002220577,1676.0,0.2183770883054892,37.0
213021346,Williamstown,2382.0,4011,867,1556,0.2161555721765146,0.3879331837447021,2007.0,0.186846038863976,45.0
213031347,Braybrook,1686.0,5765,1223,2038,0.2121422376409366,0.3535125758889852,1232.0,0.3685064935064935,34.0
213031348,Footscray,1763.0,6217,1168,2258,0.1878719639697603,0.3631976837703072,1314.0,0.3417047184170472,34.0
213031349,Maribyrnong,2020.0,4057,554,1665,0.1365541040177471,0.4104017747103771,1765.0,0.1444759206798866,36.0
213031350,Seddon - Kingsville,2364.0,2657,451,1180,0.1697403086187429,0.4441098983816334,1861.0,0.2702847931219774,37.0
213031351,West Footscray - Tottenham,1988.0,3686,635,1493,0.1722734671730873,0.4050461204557786,1449.0,0.3719806763285024,35.0
213031352,Yarraville,2483.0,4152,658,1917,0.1584778420038535,0.4617052023121387,2043.0,0.215369554576603,37.0
213041353,Bacchus Marsh,1807.0,7430,1282,2899,0.1725437415881561,0.3901749663526245,1427.0,0.2662929222144359,37.0
213041358,Melton West,1621.0,5889,846,2067,0.1436576668364748,0.3509933774834437,1426.0,0.1367461430575035,33.0
213041359,Rockbank - Mount Cottrell,2123.0,3859,309,1897,0.0800725576574242,0.4915781290489764,1119.0,0.8972296693476318,31.0
213041360,Taylors Hill,2315.0,4385,446,2261,0.1017103762827822,0.5156214367160775,1890.0,0.2248677248677248,34.0
213041461,Burnside,1871.0,1448,268,566,0.1850828729281768,0.3908839779005524,1412.0,0.325070821529745,37.0
213041462,Burnside Heights,2246.0,1381,122,696,0.0883417813178855,0.503982621288921,1841.0,0.2199891363389462,33.0
213041463,Caroline Springs,2133.0,5029,612,2297,0.1216941737920063,0.4567508450984291,1819.0,0.1726223199560198,35.0
213041571,Brookfield,1627.0,2700,455,928,0.1685185185185185,0.3437037037037037,,,33.0
213041572,Cobblebank - Strathtulloh,2056.0,1915,142,909,0.0741514360313315,0.4746736292428198,,,29.0
213041573,Eynesbury - Exford,2562.0,712,46,424,0.0646067415730337,0.5955056179775281,,,35.0
213041574,Fraser Rise - Plumpton,2254.0,2545,183,1364,0.0719056974459725,0.5359528487229862,,,31.0
213041575,Hillside,2212.0,3970,442,1942,0.1113350125944584,0.489168765743073,,,36.0
213041576,Kurunjang - Toolern Vale,1556.0,3392,545,1093,0.1606721698113207,0.3222287735849056,,,35.0
213041577,Melton,1061.0,2686,732,492,0.272524199553239,0.1831720029784065,,,39.0
213041578,Melton South - Weir Views,1363.0,4787,914,1251,0.1909337789847503,0.261332776269062,,,32.0
213051361,Hoppers Crossing - North,1705.0,5220,774,1909,0.1482758620689655,0.3657088122605364,1493.0,0.1419959812458138,37.0
213051362,Hoppers Crossing - South,1470.0,5611,1004,1748,0.1789342363215113,0.3115309214043842,1324.0,0.1102719033232628,37.0
213051363,Laverton,2091.0,2988,389,1299,0.1301874163319946,0.4347389558232932,1587.0,0.3175803402646502,32.0
213051368,Werribee - South,1802.0,4988,860,1899,0.1724137931034483,0.3807137129109864,1313.0,0.3724295506473724,37.0
213051464,Point Cook - East,2381.0,4224,435,2133,0.1029829545454545,0.5049715909090909,2131.0,0.1173158141717503,33.0
213051466,Point Cook - South,2522.0,4093,314,2370,0.0767163449792328,0.5790373808942096,2104.0,0.1986692015209125,33.0
213051467,Werribee - East,1374.0,6040,1260,1685,0.2086092715231788,0.2789735099337748,1198.0,0.1469115191986644,36.0
213051468,Werribee - West,1995.0,6420,799,2874,0.1244548286604361,0.4476635514018691,1496.0,0.3335561497326203,32.0
213051579,Manor Lakes - Quandong,2309.0,2488,137,1394,0.055064308681672,0.5602893890675241,,,31.0
213051580,Point Cook - North East,2185.0,3581,452,1674,0.1262217257749232,0.4674671879363306,,,36.0
213051581,Point Cook - North West,2439.0,2206,174,1223,0.0788757932910244,0.5543970988213962,,,34.0
213051582,Tarneit (West) - Mount Cottrell,2086.0,2433,155,1207,0.0637073571722153,0.4960953555281545,,,29.0
213051583,Tarneit - Central,2164.0,6342,520,3169,0.0819930621255124,0.499684642068748,,,30.0
213051584,Tarneit - North,2198.0,1658,82,877,0.0494571773220747,0.528950542822678,,,29.0
213051585,Tarneit - South,1885.0,2739,316,1133,0.1153705732018985,0.4136546184738955,,,31.0
213051586,Truganina - North,2307.0,1953,82,1073,0.0419866871479774,0.5494111623143881,,,30.0
213051587,Truganina - South East,2337.0,2238,136,1229,0.0607685433422698,0.5491510277033065,,,31.0
213051588,Truganina - South West,1947.0,4330,443,1864,0.1023094688221709,0.4304849884526558,,,30.0
213051589,Wyndham Vale - North,1862.0,2424,225,1003,0.0928217821782178,0.4137788778877888,,,29.0
213051590,Wyndham Vale - South,1766.0,3727,472,1439,0.1266434129326536,0.3861014220552723,,,33.0
214011370,Carrum Downs,1658.0,7393,1242,2695,0.1679967536859191,0.3645340186663059,1339.0,0.2382374906646751,36.0
214011371,Frankston,1383.0,8599,2020,2520,0.2349110361669961,0.2930573322479358,1099.0,0.2584167424931756,39.0
214011372,Frankston North,1313.0,6856,1581,1860,0.2306009334889148,0.2712952158693115,1043.0,0.2588686481303931,38.0
214011373,Frankston South,2038.0,5292,958,2147,0.1810279667422524,0.4057067271352985,1617.0,0.2603586889301175,44.0
214011374,Langwarrin,1950.0,7493,1088,3173,0.1452021887094621,0.4234618977712531,1595.0,0.2225705329153605,38.0
214011375,Seaford (Vic.),1500.0,6210,1345,2046,0.21658615136876,0.3294685990338164,1208.0,0.2417218543046357,40.0
214011376,Skye - Sandhurst,2224.0,3565,357,1753,0.1001402524544179,0.4917251051893408,1914.0,0.1619644723092999,38.0
214021377,Dromana,1398.0,4582,1003,1299,0.2189000436490615,0.2835006547359232,1157.0,0.2082973206568712,51.0
214021378,Flinders,2197.0,1489,246,559,0.1652115513767629,0.3754197447951645,1715.0,0.2810495626822157,56.0
214021379,Hastings - Somers,1407.0,7710,1691,2334,0.219325551232166,0.3027237354085603,1175.0,0.1974468085106383,42.0
214021381,Mount Eliza,2547.0,4147,698,1791,0.1683144441765131,0.4318784663612249,2030.0,0.254679802955665,45.0
214021382,Mount Martha,2097.0,5436,883,2280,0.1624356144223694,0.4194260485651214,1707.0,0.2284710017574692,46.0
214021383,Point Nepean,1430.0,6402,1482,1788,0.2314901593252108,0.2792877225866916,1096.0,0.3047445255474452,53.0
214021384,Rosebud - McCrae,1155.0,8489,2231,1962,0.2628106961950759,0.231122629284957,930.0,0.2419354838709677,52.0
214021385,Somerville,1781.0,5719,990,2178,0.1731071865710788,0.3808358104563735,1479.0,0.2041920216362407,41.0
214021591,Mornington - East,1502.0,4859,1068,1624,0.2197983124099609,0.3342251492076559,,,45.0
214021592,Mornington - West,1389.0,3913,963,1054,0.2461027344748275,0.2693585484283158,,,57.0
215011386,Ararat,1216.0,2863,709,685,0.2476423332169053,0.2392595179881243,998.0,0.218436873747495,45.0
215011387,Ararat Surrounds,1384.0,1057,226,317,0.2138126773888363,0.2999053926206244,1006.0,0.3757455268389662,49.0
215011388,Horsham,1347.0,6105,1409,1738,0.2307944307944308,0.2846846846846846,1102.0,0.2223230490018148,40.0
215011389,Horsham Surrounds,1567.0,1059,190,350,0.1794145420207743,0.3305004721435316,1146.0,0.3673647469458987,46.0
215011390,Nhill Region,1179.0,2543,701,577,0.2756586708611875,0.2268973653165552,928.0,0.2704741379310345,50.0
215011391,St Arnaud,993.0,1286,425,239,0.3304821150855365,0.1858475894245723,845.0,0.1751479289940828,52.0
215011392,Stawell,1184.0,3038,785,726,0.2583936800526662,0.238973008558262,973.0,0.2168550873586844,48.0
215011393,West Wimmera,1176.0,958,273,221,0.2849686847599165,0.2306889352818371,966.0,0.217391304347826,52.0
215011394,Yarriambiack,1099.0,2369,689,498,0.2908400168847615,0.2102152807091599,881.0,0.2474460839954597,52.0
215021395,Irymple,1716.0,2184,363,806,0.1662087912087912,0.369047619047619,1290.0,0.3302325581395349,40.0
215021396,Merbein,1338.0,1478,320,411,0.2165087956698241,0.2780784844384303,1056.0,0.2670454545454545,43.0
215021398,Mildura Surrounds,1239.0,1218,292,316,0.2397372742200328,0.2594417077175698,1019.0,0.2158979391560353,46.0
215021399,Red Cliffs,1346.0,1888,406,498,0.2150423728813559,0.263771186440678,1083.0,0.2428439519852262,41.0
215021469,Mildura - North,1210.0,6196,1576,1432,0.2543576500968367,0.2311168495803744,975.0,0.241025641025641,39.0
215021470,Mildura - South,1407.0,5344,1157,1637,0.216504491017964,0.3063248502994012,1087.0,0.2943882244710211,39.0
215031400,Buloke,1089.0,2232,625,452,0.2800179211469534,0.2025089605734767,839.0,0.2979737783075089,52.0
215031401,Gannawarra,1114.0,2352,619,505,0.2631802721088435,0.2147108843537415,923.0,0.2069339111592632,52.0
215031402,Kerang,1006.0,1476,450,269,0.3048780487804878,0.1822493224932249,886.0,0.1354401805869074,51.0
215031403,Robinvale,1347.0,897,215,258,0.2396878483835005,0.2876254180602006,1085.0,0.2414746543778801,36.0
215031404,Swan Hill,1390.0,3848,841,1126,0.2185550935550935,0.2926195426195426,1098.0,0.2659380692167577,38.0
215031405,Swan Hill Surrounds,1373.0,1971,410,559,0.2080162354134956,0.2836123795027904,1091.0,0.2584784601283226,43.0
216011406,Echuca,1347.0,5290,1232,1491,0.2328922495274102,0.2818525519848771,1144.0,0.1774475524475524,45.0
216011407,Kyabram,1228.0,3774,929,944,0.2461579226285108,0.250132485426603,1066.0,0.1519699812382739,45.0
216011408,Lockington - Gunbower,1428.0,1169,223,357,0.1907613344739093,0.3053892215568862,1193.0,0.1969823973176865,45.0
216011409,Rochester,1166.0,1386,374,343,0.2698412698412698,0.2474747474747475,1002.0,0.1636726546906187,50.0
216011410,Rushworth,1072.0,1493,443,316,0.2967180174146014,0.2116543871399866,913.0,0.1741511500547645,52.0
216021411,Cobram,1057.0,2267,649,513,0.286281429201588,0.2262902514336127,959.0,0.1021897810218978,48.0
216021412,Moira,1361.0,900,183,245,0.2033333333333333,0.2722222222222222,1130.0,0.2044247787610619,48.0
216021413,Numurkah,1243.0,4199,1000,1047,0.2381519409383186,0.2493450821624196,1048.0,0.1860687022900763,46.0
216021414,Yarrawonga,1149.0,3020,749,726,0.2480132450331126,0.2403973509933774,962.0,0.1943866943866944,52.0
216031415,Mooroopna,1121.0,2936,796,650,0.271117166212534,0.2213896457765667,996.0,0.1255020080321285,43.0
216031416,Shepparton - North,1560.0,6200,1220,2001,0.1967741935483871,0.322741935483871,1221.0,0.2776412776412776,38.0
216031418,Shepparton Surrounds - East,1628.0,1136,182,422,0.1602112676056338,0.3714788732394366,1408.0,0.15625,43.0
216031419,Shepparton Surrounds - West,1379.0,3269,742,941,0.2269807280513918,0.287855613337412,1163.0,0.1857265692175408,45.0
216031593,Kialla,2001.0,2455,303,1066,0.1234215885947046,0.4342158859470468,,,38.0
216031594,Shepparton - South East,1144.0,5367,1327,1126,0.247251723495435,0.2098006335010248,,,37.0
217011420,Glenelg (Vic.),1234.0,3118,824,772,0.2642719692110327,0.2475946119307248,1028.0,0.2003891050583657,51.0
217011421,Hamilton (Vic.),1247.0,3852,943,921,0.2448078920041536,0.2390965732087227,1035.0,0.2048309178743961,45.0
217011422,Portland,1200.0,4032,1040,1008,0.2579365079365079,0.25,1050.0,0.1428571428571428,47.0
217011423,Southern Grampians,1289.0,2105,496,542,0.2356294536817102,0.2574821852731591,1068.0,0.2069288389513108,49.0
217031471,Camperdown,1129.0,1290,337,303,0.2612403100775193,0.2348837209302325,921.0,0.2258414766558089,50.0
217031472,Colac,1250.0,4557,1155,1163,0.2534562211981567,0.2552117621242045,1055.0,0.1848341232227488,42.0
217031473,Colac Surrounds,1441.0,1827,359,560,0.1964969896004378,0.3065134099616858,1150.0,0.2530434782608696,45.0
217031474,Corangamite - North,1183.0,1891,490,467,0.2591221575885775,0.2469592808038075,994.0,0.1901408450704225,49.0
217031475,Corangamite - South,1406.0,2223,456,611,0.2051282051282051,0.2748538011695906,1147.0,0.2258064516129032,45.0
217031476,Otway,1167.0,1395,357,307,0.2559139784946236,0.2200716845878136,936.0,0.2467948717948718,52.0
217041477,Moyne - East,1513.0,2104,410,628,0.1948669201520912,0.2984790874524715,1210.0,0.2504132231404958,42.0
217041478,Moyne - West,1522.0,3188,597,999,0.1872647427854454,0.3133626097867001,1217.0,0.2506162695152013,46.0
217041479,Warrnambool - North,1451.0,7616,1496,2419,0.1964285714285714,0.3176207983193277,1210.0,0.1991735537190082,40.0
217041480,Warrnambool - South,1380.0,4643,1104,1333,0.2377772991600258,0.2870988584966616,1144.0,0.2062937062937063,44.0
297979799,Migratory - Offshore - Shipping (Vic.),0.0,0,0,0,,,,,50.0
299999499,No usual address (Vic.),0.0,0,0,0,,,,,0.0
