sa2_code,sa2_name,hh_total,hh_low_u650,hh_high_ge2000,pct_low_u650,pct_high_ge2000
201011001,Alfredton,4770,651,2013,0.13647798742138365,0.4220125786163522
201011002,Ballarat,4091,904,1220,0.22097286726961624,0.2982155952089954
201011005,Buninyong,2046,320,828,0.15640273704789834,0.4046920821114369
201011006,Delacombe,3457,525,1193,0.1518657795776685,0.34509690483077815
201011007,Smythes Creek,1130,148,509,0.13097345132743363,0.4504424778761062
201011008,Wendouree - Miners Rest,5560,1397,1258,0.2512589928057554,0.2262589928057554
201011481,Ballarat East - Warrenheip,3686,916,831,0.24850786760716223,0.22544763971785134
201011482,Ballarat North - Invermay,4943,969,1694,0.19603479668217683,0.3427068581832895
201011483,Canadian - Mount Clear,4321,890,1268,0.20597084008331404,0.29345059014117103
201011484,Sebastopol - Redan,5280,1554,908,0.2943181818181818,0.17196969696969697
201021009,Bacchus Marsh Surrounds,1970,363,703,0.18426395939086293,0.3568527918781726
201021010,Creswick - Clunes,2793,710,678,0.25420694593626925,0.24274973147153597
201021011,Daylesford,3508,877,886,0.25,0.2525655644241733
201021012,Gordon (Vic.),1850,326,729,0.17621621621621622,0.3940540540540541
201031013,Avoca,1272,398,229,0.3128930817610063,0.1800314465408805
201031014,Beaufort,1512,416,361,0.2751322751322751,0.23875661375661375
201031015,Golden Plains - North,1522,332,455,0.21813403416557162,0.29894875164257556
201031016,Maryborough (Vic.),3258,1096,443,0.336402701043585,0.1359729895641498
201031017,Maryborough Surrounds,1972,626,351,0.3174442190669371,0.17799188640973632
202011018,Bendigo,5456,1343,1369,0.24615102639296188,0.25091642228739003
202011019,California Gully - Eaglehawk,4680,1110,1125,0.23717948717948717,0.2403846153846154
202011020,East Bendigo - Kennington,4959,1150,1414,0.23190159306311756,0.28513813268804195
202011021,Flora Hill - Spring Gully,3382,733,1013,0.21673565937315198,0.29952690715552927
202011022,Kangaroo Flat - Golden Square,7722,1800,1949,0.2331002331002331,0.2523957523957524
202011023,Maiden Gully,1442,126,726,0.08737864077669903,0.5034674063800277
202011024,Strathfieldsaye,2846,312,1388,0.10962754743499649,0.4877020379479972
202011025,White Hills - Ascot,4543,611,1706,0.13449262601804976,0.3755227823024433
202021026,Bendigo Surrounds - South,2237,271,994,0.12114438980777828,0.4443451050514081
202021027,Castlemaine,4160,1134,1009,0.2725961538461538,0.24254807692307692
202021028,Castlemaine Surrounds,3281,826,874,0.2517525144772935,0.2663822005486132
202021029,Heathcote,1780,496,410,0.2786516853932584,0.2303370786516854
202021030,Kyneton,3207,604,1091,0.18833801060180855,0.34019332709697536
202021031,Woodend,2118,377,839,0.17799811142587346,0.39612842304060436
202031032,Bendigo Surrounds - North,1527,313,469,0.20497707924034053,0.3071381794368042
202031033,Loddon,2534,732,455,0.2888713496448303,0.17955801104972377
203011034,Bannockburn,1959,232,922,0.11842776927003573,0.4706482899438489
203011035,Golden Plains - South,2235,304,926,0.1360178970917226,0.41431767337807607
203011036,Winchelsea,1860,299,717,0.16075268817204302,0.38548387096774195
203021037,Belmont,5401,1175,1757,0.21755230512867987,0.3253101277541196
203021039,Geelong,4912,1068,1561,0.21742671009771988,0.3177931596091205
203021040,Geelong West - Hamlyn Heights,7406,1481,2628,0.19997299486902512,0.3548474210099919
203021042,Highton,6421,1036,2675,0.1613455847998754,0.4166017754243887
203021043,Lara,5756,865,2455,0.15027797081306463,0.4265114662960389
203021044,Leopold,4401,800,1527,0.1817768688934333,0.34696659850034084
203021045,Newcomb - Moolap,5721,1504,1290,0.262891102954029,0.22548505506030414
203021046,Newtown (Vic.),2941,573,1118,0.19483168990139407,0.3801428085685141
203021047,North Geelong - Bell Park,5491,1307,1590,0.23802586049899835,0.289564742305591
203021485,Charlemont,3225,376,1464,0.11658914728682171,0.45395348837209304
203021486,Corio - Lovely Banks,5753,1348,1368,0.2343125325916913,0.23778897966278464
203021487,Grovedale - Mount Duneed,7745,1279,3069,0.16513879922530664,0.3962556488056811
203021488,Norlane,3336,1151,531,0.34502398081534774,0.1591726618705036
203031048,Clifton Springs,5817,1128,1811,0.19391438886023724,0.31132886367543405
203031049,Lorne - Anglesea,1914,359,606,0.18756530825496343,0.3166144200626959
203031051,Portarlington,3622,991,795,0.2736057426836002,0.2194919933738266
203031052,Point Lonsdale - Queenscliff,1868,389,550,0.2082441113490364,0.2944325481798715
203031053,Torquay,6309,898,2900,0.14233634490410524,0.4596608020288477
203031489,Barwon Heads - Armstrong Creek,3074,353,1454,0.11483409238776839,0.4729993493819128
203031490,Ocean Grove,5657,956,2239,0.16899416651935656,0.39579282305108715
204011054,Alexandra,2540,698,580,0.2748031496062992,0.2283464566929134
204011055,Euroa,2468,665,517,0.2694489465153971,0.2094813614262561
204011056,Kilmore - Broadford,4866,930,1631,0.19112207151664612,0.33518290176736537
204011057,Mansfield (Vic.),3328,768,877,0.23076923076923078,0.26352163461538464
204011058,Nagambie,1577,398,411,0.25237793278376663,0.26062143310082436
204011059,Seymour,2326,625,547,0.2687016337059329,0.2351676698194325
204011060,Seymour Surrounds,1220,163,503,0.13360655737704918,0.4122950819672131
204011061,Upper Yarra Valley,81,25,10,0.30864197530864196,0.12345679012345678
204011062,Yea,1403,364,348,0.2594440484675695,0.248039914468995
204021063,Benalla,4027,1067,916,0.2649615098087907,0.22746461385646882
204021064,Benalla Surrounds,1251,259,332,0.2070343725019984,0.2653876898481215
204021065,Rutherglen,1407,291,413,0.2068230277185501,0.2935323383084577
204021066,Wangaratta,7185,1805,1863,0.2512178148921364,0.2592901878914405
204021067,Wangaratta Surrounds,3131,582,1020,0.1858831044394762,0.32577451293516446
204031068,Beechworth,1683,368,508,0.21865715983363043,0.3018419489007724
204031069,Bright - Mount Beauty,2867,604,844,0.21067317753749565,0.2943843739100105
204031070,Chiltern - Indigo Valley,1045,192,328,0.18373205741626794,0.3138755980861244
204031071,Myrtleford,1707,417,434,0.24428822495606328,0.2542472173403632
204031072,Towong,2079,481,511,0.23136123136123135,0.24579124579124578
204031073,West Wodonga,5155,1013,1616,0.1965082444228904,0.31348205625606207
204031075,Yackandandah,1477,233,579,0.15775220040622884,0.3920108327691266
204031491,Baranduda - Leneva,3455,332,1746,0.09609261939218523,0.5053545586107091
204031492,Wodonga,5776,1378,1377,0.23857340720221606,0.23840027700831026
205011076,Drouin,6371,1271,1929,0.19949772406215666,0.30277821378119607
205011077,Mount Baw Baw Region,2008,414,582,0.2061752988047809,0.2898406374501992
205011078,Trafalgar (Vic.),2736,581,844,0.21235380116959066,0.3084795321637427
205011079,Warragul,7236,1395,2419,0.1927860696517413,0.33430071862907684
205021080,Alps - East,0,0,0,,
205021081,Bairnsdale,5575,1382,1292,0.24789237668161435,0.2317488789237668
205021082,Bruthen - Omeo,2679,582,709,0.21724524076147816,0.2646509891750653
205021083,Lake King,0,0,0,,
205021084,Lakes Entrance,4076,1145,773,0.2809126594700687,0.18964671246319922
205021085,Orbost,2403,792,394,0.3295880149812734,0.16396171452351227
205021086,Paynesville,2701,674,514,0.24953720844131802,0.19029988893002592
205031087,Foster,3398,956,720,0.28134196586227195,0.21188934667451442
205031088,French Island,44,14,6,0.3181818181818182,0.13636363636363635
205031089,Korumburra,3156,689,903,0.21831432192648922,0.28612167300380226
205031090,Leongatha,3887,939,1088,0.241574479032673,0.27990738358631334
205031091,Phillip Island,4840,1251,1066,0.2584710743801653,0.22024793388429753
205031092,Wilsons Promontory,8,0,0,0.0,0.0
205031093,Wonthaggi - Inverloch,9702,2629,2172,0.2709750566893424,0.22387136672850957
205041094,Churchill,3747,793,1099,0.21163597544702428,0.2933013077128369
205041095,Moe - Newborough,6400,2065,1292,0.32265625,0.201875
205041096,Morwell,5160,1722,835,0.33372093023255817,0.1618217054263566
205041098,Yallourn North - Glengarry,1425,254,505,0.1782456140350877,0.3543859649122807
205041493,Traralgon - East,3955,980,1137,0.24778761061946902,0.2874841972187105
205041494,Traralgon - West,5573,1074,1918,0.19271487529158443,0.34415933967342544
205051099,Alps - West,8,3,0,0.375,0.0
205051100,Longford - Loch Sport,1586,510,344,0.32156368221941994,0.21689785624211855
205051101,Maffra,4862,1144,1308,0.23529411764705882,0.2690250925545043
205051102,Rosedale,1198,222,368,0.18530884808013356,0.3071786310517529
205051103,Sale,5280,1276,1405,0.24166666666666667,0.26609848484848486
205051104,Yarram,2057,609,376,0.29606222654350994,0.18279047156052503
206011106,Brunswick East,4844,657,2105,0.1356317093311313,0.43455821635012387
206011107,Brunswick West,5217,959,1827,0.18382211999233275,0.35020126509488214
206011109,Pascoe Vale South,2786,458,1228,0.16439339554917445,0.44077530509691315
206011495,Brunswick - North,4386,701,1824,0.15982672138622891,0.4158686730506156
206011496,Brunswick - South,4542,752,1938,0.16556583003082342,0.42668428005284015
206011497,Coburg - East,4048,753,1590,0.18601778656126483,0.39278656126482214
206011498,Coburg - West,3898,715,1669,0.18342739866598257,0.4281682914315033
206021110,Alphington - Fairfield,2666,534,985,0.2003000750187547,0.36946736684171044
206021112,Thornbury,6171,1193,2346,0.1933236104359099,0.38016528925619836
206021499,Northcote - East,4201,802,1662,0.19090692692216138,0.39562009045465363
206021500,Northcote - West,3012,504,1313,0.16733067729083664,0.4359229747675963
206031113,Ascot Vale,4239,872,1635,0.20570889360698277,0.3857041755130927
206031115,Flemington,3393,829,1008,0.24432655467138226,0.29708222811671087
206031116,Moonee Ponds,5122,904,2015,0.1764935572042171,0.3934010152284264
206031501,Essendon (West) - Aberfeldie,4343,723,1728,0.1664747870135851,0.39788164862997927
206031502,Essendon - East,3934,640,1518,0.1626842907981698,0.385866802236909
206041117,Carlton,6032,2007,1495,0.3327254641909814,0.2478448275862069
206041118,Docklands,6124,1009,2402,0.1647615937295885,0.3922273024167211
206041119,East Melbourne,1588,214,660,0.13476070528967254,0.4156171284634761
206041120,Flemington Racecourse,22,0,13,0.0,0.5909090909090909
206041121,Kensington (Vic.),3502,650,1482,0.1856082238720731,0.42318675042832665
206041124,Parkville,1670,297,598,0.17784431137724552,0.35808383233532937
206041125,South Yarra - West,2102,309,876,0.14700285442435776,0.4167459562321599
206041127,West Melbourne - Industrial,0,0,0,,
206041503,Melbourne CBD - East,4019,930,1146,0.23140084598158747,0.28514555859666585
206041504,Melbourne CBD - North,8066,2771,1547,0.3435407884949169,0.191792710141334
206041505,Melbourne CBD - West,7165,1580,2031,0.22051639916259597,0.2834612700628053
206041506,North Melbourne,5540,1300,1832,0.23465703971119134,0.3306859205776173
206041507,Royal Botanic Gardens Victoria,0,0,0,,
206041508,Southbank (West) - South Wharf,2616,368,1074,0.14067278287461774,0.4105504587155963
206041509,Southbank - East,7175,987,2789,0.1375609756097561,0.3887108013937282
206041510,West Melbourne - Residential,2892,503,1016,0.1739280774550484,0.35131396957123096
206051128,Albert Park,4796,817,1916,0.17035029190992493,0.3994995829858215
206051129,Elwood,5243,818,2021,0.15601754720579822,0.38546633606713715
206051130,Port Melbourne,4922,990,2062,0.20113774888256805,0.4189353921170256
206051134,St Kilda East,5872,973,2291,0.1657016348773842,0.3901566757493188
206051511,Port Melbourne Industrial,559,48,287,0.08586762075134168,0.5134168157423972
206051512,South Melbourne,4103,884,1558,0.2154521082135023,0.37972215452108216
206051513,St Kilda - Central,5326,943,1884,0.17705595193390913,0.3537363875328577
206051514,St Kilda - West,5555,1001,1999,0.1801980198019802,0.35985598559855986
206061135,Armadale,2999,547,1127,0.1823941313771257,0.3757919306435478
206061136,Prahran - Windsor,7241,1250,2888,0.17262809004281177,0.3988399392349123
206061138,Toorak,3298,575,1307,0.17434808975136445,0.3963007883565797
206061515,South Yarra - North,4885,670,2006,0.13715455475946775,0.4106448311156602
206061516,South Yarra - South,3679,771,1316,0.20956781734166893,0.3577058983419407
206071139,Abbotsford,3338,479,1488,0.14349910125823848,0.4457759137207909
206071140,Carlton North - Princes Hill,2342,368,1007,0.15713065755764305,0.4299743808710504
206071141,Collingwood,3435,679,1471,0.19767103347889375,0.4282387190684134
206071142,Fitzroy,3185,706,1242,0.2216640502354788,0.3899529042386185
206071143,Fitzroy North,3786,768,1546,0.20285261489698891,0.40834653988378233
206071145,Clifton Hill - Alphington,2561,389,1112,0.15189379148770013,0.4342053885201093
206071517,Richmond (South) - Cremorne,5239,694,2511,0.13246802824966597,0.47928994082840237
206071518,Richmond - North,5206,1057,2040,0.20303495966192855,0.3918555512869766
207011146,Ashburton (Vic.),1685,353,680,0.20949554896142433,0.4035608308605341
207011147,Balwyn,4336,946,1514,0.21817343173431733,0.349169741697417
207011148,Balwyn North,4727,910,1913,0.1925111064099852,0.4046964247937381
207011149,Camberwell,4835,846,1912,0.1749741468459152,0.3954498448810755
207011150,Glen Iris - East,3550,556,1520,0.15661971830985916,0.428169014084507
207011152,Hawthorn East,4586,775,1789,0.1689925861317052,0.3901003052769298
207011154,Kew East,1473,234,607,0.15885947046843177,0.4120841819416157
207011155,Surrey Hills (West) - Canterbury,3478,663,1401,0.19062679700977572,0.40281771132834965
207011519,Hawthorn - North,2706,433,1091,0.16001478196600147,0.40317812269031783
207011520,Hawthorn - South,4021,673,1512,0.16737130067147477,0.37602586421288237
207011521,Kew - South,2640,453,1120,0.1715909090909091,0.42424242424242425
207011522,Kew - West,3127,525,1301,0.16789254876878798,0.416053725615606
207021156,Bulleen,3311,719,1150,0.21715493808517064,0.347327091513138
207021157,Doncaster,8094,1788,2552,0.22090437361008153,0.31529528045465777
207021159,Templestowe,4111,697,1628,0.16954512284115786,0.3960107029919728
207021160,Templestowe Lower,3891,725,1438,0.18632742225648932,0.3695708044204575
207021424,Doncaster East - North,4204,737,1611,0.17530922930542342,0.38320647002854424
207021425,Doncaster East - South,4681,998,1576,0.21320230719931638,0.336680196539201
207031161,Blackburn,6224,1127,2410,0.181073264781491,0.3872107969151671
207031162,Blackburn South,3158,745,1145,0.23590880303989867,0.36257124762507914
207031163,Box Hill,7539,2020,2129,0.26794004509881947,0.2823981960472211
207031164,Box Hill North,5171,1041,1906,0.20131502610713595,0.3685940823825179
207031165,Burwood (Vic.),3645,993,1160,0.27242798353909464,0.31824417009602196
207031166,Burwood East,3324,711,1120,0.213898916967509,0.3369434416365824
207031167,Surrey Hills (East) - Mont Albert,2548,428,1058,0.16797488226059654,0.4152276295133438
208011168,Beaumaris,3128,511,1277,0.16336317135549872,0.40824808184143224
208011169,Brighton (Vic.),5087,952,1943,0.1871436996264989,0.381954000393159
208011170,Brighton East,3538,709,1420,0.20039570378745053,0.4013566986998304
208011171,Highett (West) - Cheltenham,3334,634,1370,0.19016196760647872,0.41091781643671266
208011172,Hampton,4407,1025,1631,0.23258452461992285,0.370093033809848
208011173,Sandringham - Black Rock,4439,886,1689,0.19959450326650147,0.3804911015994593
208021174,Bentleigh - McKinnon,6579,1219,2637,0.18528651770785834,0.4008207934336525
208021176,Carnegie,6451,1275,2336,0.19764377615873507,0.36211440086808244
208021177,Caulfield - North,5986,1129,2305,0.18860674908118943,0.38506515202138325
208021178,Caulfield - South,4661,827,1881,0.17742973610813131,0.40356146749624544
208021179,Elsternwick,3540,640,1364,0.1807909604519774,0.38531073446327685
208021180,Hughesdale,2262,442,890,0.19540229885057472,0.39345711759504864
208021181,Murrumbeena,2775,490,1069,0.17657657657657658,0.38522522522522523
208021182,Ormond - Glen Huntly,4233,763,1608,0.1802504134183794,0.3798724309000709
208021426,Bentleigh East - North,4261,747,1801,0.17531095986857545,0.4226707345693499
208021427,Bentleigh East - South,3873,687,1604,0.17738187451587917,0.4141492383165505
208031183,Aspendale Gardens - Waterways,2128,275,1002,0.12922932330827067,0.4708646616541353
208031184,Braeside,14,3,4,0.21428571428571427,0.2857142857142857
208031185,Carrum - Patterson Lakes,3980,765,1523,0.1922110552763819,0.3826633165829146
208031186,Chelsea - Bonbeach,5438,1153,1976,0.2120264803236484,0.36336888561971314
208031187,Chelsea Heights,1658,327,677,0.19722557297949336,0.4083232810615199
208031188,Highett (East) - Cheltenham ,7900,1622,2953,0.20531645569620252,0.3737974683544304
208031189,Edithvale - Aspendale,3900,615,1728,0.1576923076923077,0.4430769230769231
208031190,Mentone,4474,858,1664,0.19177469825659366,0.3719266875279392
208031191,Moorabbin - Heatherton,2639,490,1079,0.1856763925729443,0.4088669950738916
208031192,Moorabbin Airport,0,0,0,,
208031193,Mordialloc - Parkdale,6165,1144,2384,0.18556366585563666,0.3866991078669911
208041194,Malvern - Glen Iris,5419,964,2128,0.17789260011072153,0.39269237866765083
208041195,Malvern East,5360,1008,2120,0.1880597014925373,0.39552238805970147
209011196,Bundoora - East,2954,553,1034,0.1872037914691943,0.35003385240352064
209011197,Greensborough,6071,962,2581,0.15845824411134904,0.42513589194531376
209011198,Heidelberg - Rosanna,4720,834,1899,0.17669491525423728,0.4023305084745763
209011199,Heidelberg West,5062,1195,1725,0.23607269853812723,0.3407743974713552
209011200,Ivanhoe,3432,579,1401,0.1687062937062937,0.40821678321678323
209011201,Ivanhoe East - Eaglemont,1651,259,729,0.15687462144155057,0.4415505754088431
209011202,Montmorency - Briar Hill,4959,762,2059,0.15366001209921354,0.4152046783625731
209011203,Viewbank - Yallambie,5345,946,2177,0.17698783910196444,0.4072965388213283
209011204,Watsonia,2862,493,1190,0.17225716282320055,0.41579315164220826
209021205,Kingsbury,2939,568,969,0.19326301463082682,0.3297039809459
209021428,Preston - East,7192,1438,2684,0.19994438264738598,0.3731924360400445
209021429,Preston - West,3835,745,1500,0.19426336375488917,0.39113428943937417
209021523,Reservoir - North East,5330,1142,1816,0.21425891181988743,0.34071294559099435
209021524,Reservoir - North West,2995,678,914,0.22637729549248747,0.3051752921535893
209021525,Reservoir - South East,4443,1179,1306,0.26536124240378123,0.29394553229799686
209021526,Reservoir - South West,4866,926,1820,0.19030004110152077,0.37402383888203866
209031209,Eltham,5666,761,2667,0.1343099188139781,0.47070243558065655
209031210,Hurstbridge,986,138,459,0.13995943204868155,0.46551724137931033
209031211,Kinglake,1164,172,453,0.14776632302405499,0.38917525773195877
209031212,Panton Hill - St Andrews,1195,171,529,0.14309623430962343,0.4426778242677824
209031213,Plenty - Yarrambat,2104,259,1033,0.12309885931558935,0.4909695817490494
209031214,Research - North Warrandyte,1363,151,675,0.1107850330154072,0.49523110785033014
209031215,Wattle Glen - Diamond Creek,3539,411,1860,0.11613450127154563,0.525572195535462
209041216,Bundoora - North,2101,377,808,0.17943836268443597,0.38457877201332696
209041217,Bundoora - West,2085,469,621,0.2249400479616307,0.29784172661870506
209041220,Mill Park - North,5102,782,1960,0.1532732261858095,0.38416307330458643
209041221,Mill Park - South,3446,592,1254,0.1717933836331979,0.3639001741149158
209041223,Thomastown,6530,1629,1651,0.24946401225114853,0.252833078101072
209041224,Wallan,6085,644,2719,0.1058340180772391,0.4468364831552999
209041225,Whittlesea,2905,486,1184,0.16729776247848538,0.40757314974182446
209041431,Epping - East,3615,521,1308,0.1441217150760719,0.36182572614107883
209041432,Epping - South,2509,461,733,0.1837385412514946,0.2921482662415305
209041433,Epping (Vic.) - West,3253,349,1337,0.1072855825391946,0.41100522594528127
209041435,South Morang - North,3200,277,1635,0.0865625,0.5109375
209041436,South Morang - South,3546,495,1480,0.13959390862944163,0.4173716864072194
209041437,Wollert,6392,597,2907,0.09339799749687108,0.45478723404255317
209041527,Doreen - North,4239,440,2062,0.10379806558150508,0.4864354800660533
209041528,Doreen - South,3027,276,1508,0.09117938553022795,0.49818301949124544
209041529,Lalor - East,3258,786,830,0.24125230202578268,0.25475751995089013
209041530,Lalor - West,3866,733,1234,0.18960165545783755,0.31919296430419036
209041531,Mernda - North,3320,468,1382,0.14096385542168674,0.4162650602409639
209041532,Mernda - South,3117,249,1528,0.07988450433108758,0.4902149502726981
210011226,Airport West,2878,569,1050,0.1977067407922168,0.3648366921473245
210011227,Essendon Airport,0,0,0,,
210011228,Keilor,2493,513,911,0.20577617328519857,0.36542318491776976
210011230,Niddrie - Essendon West,2057,382,885,0.1857073407875547,0.4302382109868741
210011231,Strathmore,2398,343,1038,0.14303586321934947,0.43286071726438696
210011533,Avondale Heights,3661,830,1227,0.22671401256487297,0.33515432941819173
210011534,Keilor East,4357,849,1698,0.19485884783107643,0.38971769566215286
210021232,Gisborne,3508,519,1611,0.14794754846066135,0.45923603192702395
210021233,Macedon,809,138,335,0.17058096415327564,0.41409147095179233
210021234,Riddells Creek,1194,166,529,0.1390284757118928,0.44304857621440535
210021235,Romsey,3010,463,1276,0.15382059800664452,0.4239202657807309
210031236,Coburg North,2491,482,1015,0.1934965877157768,0.4074668807707748
210031237,Fawkner,3963,917,1226,0.2313903608377492,0.3093615947514509
210031439,Gowanbrae,860,134,373,0.1558139534883721,0.43372093023255814
210031440,Hadfield,1991,455,630,0.22852837769964843,0.3164239075841286
210031535,Glenroy - East,4617,1017,1540,0.2202729044834308,0.33354992419319907
210031536,Glenroy - West,2651,455,1059,0.17163334590720483,0.3994718973972086
210031537,Oak Park,2386,350,1100,0.14668901927912825,0.46102263202011734
210031538,Pascoe Vale,5553,991,2331,0.17846209256257878,0.419773095623987
210041240,Sunbury,3759,503,1698,0.13381218409151371,0.45171588188347966
210041539,Diggers Rest,1716,171,798,0.09965034965034965,0.46503496503496505
210041540,Sunbury - South,4908,908,1848,0.1850040749796251,0.3765281173594132
210041541,Sunbury - West,3383,431,1490,0.12740171445462606,0.4404374815252734
210051242,Broadmeadows,3898,1022,866,0.26218573627501285,0.22216521292970753
210051243,Campbellfield - Coolaroo,4370,1135,853,0.2597254004576659,0.1951945080091533
210051245,Gladstone Park - Westmeadows,5585,1090,1944,0.19516562220232767,0.3480752014324082
210051246,Greenvale - Bulla,5184,555,2541,0.10706018518518519,0.49016203703703703
210051247,Meadow Heights,3784,794,930,0.20983086680761098,0.24577167019027485
210051248,Melbourne Airport,3,3,0,1.0,0.0
210051250,Tullamarine,2472,521,723,0.21076051779935276,0.2924757281553398
210051441,Craigieburn - Central,2298,380,736,0.16536118363794605,0.3202785030461271
210051442,Craigieburn - North,2959,338,1283,0.11422777965528895,0.4335924298749578
210051443,Craigieburn - South,5295,663,2133,0.12521246458923513,0.4028328611898017
210051445,Mickleham - Yuroke,5919,429,2671,0.07247845919918905,0.4512586585571887
210051542,Craigieburn - North West,2474,202,1048,0.08164915117219078,0.423605497170574
210051543,Craigieburn - West,3344,417,1286,0.12470095693779905,0.3845693779904306
210051544,Roxburgh Park (South) - Somerton,2253,340,806,0.1509098979138926,0.35774522858411006
210051545,Roxburgh Park - North,3123,464,1040,0.14857508805635608,0.3330131284021774
211011251,Bayswater,4403,792,1578,0.17987735634794458,0.358392005450829
211011254,Knoxfield - Scoresby,4841,735,2008,0.15182813468291675,0.4147903325759141
211011255,Lysterfield,1385,140,730,0.10108303249097472,0.5270758122743683
211011256,Rowville - Central,4398,584,1959,0.13278763074124603,0.44542974079126874
211011257,Rowville - North,1996,273,916,0.13677354709418837,0.4589178356713427
211011258,Rowville - South,2577,334,1261,0.1296080714008537,0.48932867675591774
211011259,Wantirna,4082,653,1603,0.15997060264576188,0.39269965703086723
211011260,Wantirna South,5114,1031,1868,0.20160344153304655,0.36527180289401645
211011446,Boronia,8183,1443,2852,0.17634119516069902,0.34852743492606625
211011447,Ferntree Gully - North,4815,945,1706,0.19626168224299065,0.3543094496365524
211011448,Ferntree Gully (South) - Upper Ferntree Gully,4645,681,2001,0.14660925726587729,0.4307857911733046
211011449,The Basin,1254,153,571,0.12200956937799043,0.45534290271132377
211021261,Donvale - Park Orchards,3685,693,1432,0.1880597014925373,0.3886024423337856
211021262,Warrandyte - Wonga Park,1998,261,959,0.13063063063063063,0.47997997997998
211031263,Bayswater North,3686,567,1448,0.15382528486163863,0.39283776451437874
211031265,Croydon Hills - Warranwood,4529,576,2152,0.12718039302274234,0.47516007948774563
211031266,Ringwood,6312,1226,2228,0.19423320659062104,0.35297845373891
211031267,Ringwood East,6341,1091,2519,0.17205488093360669,0.3972559533196657
211031268,Ringwood North,2468,344,1110,0.1393841166936791,0.4497568881685575
211031450,Croydon - East,5779,1138,1923,0.19691988233258348,0.3327565322720194
211031451,Croydon - West,4435,927,1595,0.20901916572717025,0.3596392333709132
211031452,Croydon South,1527,246,621,0.16110019646365423,0.4066797642436149
211041269,Forest Hill,3348,804,1127,0.24014336917562723,0.3366188769414576
211041270,Mitcham (Vic.),5153,851,2095,0.16514651659227633,0.40655928585290124
211041271,Nunawading,3623,721,1403,0.19900634833011316,0.387248136903119
211041272,Vermont,2984,484,1227,0.16219839142091153,0.41119302949061665
211041273,Vermont South,3176,591,1205,0.1860831234256927,0.37940806045340053
211051274,Belgrave - Selby,2672,359,1270,0.1343562874251497,0.4752994011976048
211051275,Chirnside Park,3296,494,1476,0.14987864077669902,0.44781553398058255
211051276,Healesville - Yarra Glen,4419,838,1500,0.1896356641774157,0.3394433129667346
211051277,Kilsyth,3407,626,1257,0.1837393601408864,0.36894628705606103
211051278,Lilydale - Coldstream,6151,1072,2420,0.1742806047797106,0.39343196228255567
211051279,Monbulk - Silvan,1649,264,644,0.16009702850212248,0.3905397210430564
211051280,Montrose,1909,304,852,0.15924567836563647,0.4463069669984285
211051281,Mooroolbark,6735,957,2932,0.14209354120267262,0.43533778767631776
211051282,Mount Dandenong - Olinda,2750,431,1168,0.15672727272727272,0.42472727272727273
211051283,Mount Evelyn,2835,381,1298,0.1343915343915344,0.4578483245149912
211051284,Upwey - Tecoma,2846,375,1317,0.13176387912860155,0.4627547434996486
211051285,Wandin - Seville,2138,282,956,0.13189897100093545,0.4471468662301216
211051286,Yarra Valley,5327,1147,1619,0.21531819035104185,0.3039234090482448
212011289,Emerald - Cockatoo,4714,588,2176,0.1247348324140857,0.46160373355960965
212011546,Beaconsfield - Officer,6571,622,3202,0.09465834728351849,0.4872926495206209
212011547,Bunyip - Garfield,2560,416,1037,0.1625,0.405078125
212011548,Koo Wee Rup,3049,517,1261,0.1695637914070187,0.4135782223679895
212011549,Pakenham - North East,4888,711,1740,0.1454582651391162,0.35597381342062195
212011550,Pakenham - North West,2168,253,907,0.11669741697416974,0.4183579335793358
212011551,Pakenham - South East,2318,549,547,0.23684210526315788,0.2359792924935289
212011552,Pakenham - South West,7475,965,2953,0.1290969899665552,0.39505016722408026
212021293,Berwick - North,6648,1201,2545,0.18065583634175691,0.38282190132370636
212021295,Doveton,3564,864,850,0.24242424242424243,0.23849607182940516
212021297,Hallam,3134,533,1006,0.17007019783024888,0.3209955328653478
212021299,Narre Warren North,1540,188,784,0.12207792207792208,0.509090909090909
212021453,Endeavour Hills - North,3269,508,1310,0.15539920464973997,0.40073416947078616
212021454,Endeavour Hills - South,3750,603,1398,0.1608,0.3728
212021455,Narre Warren - North East,3670,480,1549,0.1307901907356948,0.4220708446866485
212021456,Narre Warren - South West,4434,691,1533,0.15584122688317545,0.3457374830852503
212021553,Berwick - South East,4110,383,2160,0.09318734793187348,0.5255474452554745
212021554,Berwick - South West,2931,232,1465,0.0791538723984988,0.49982940975776186
212031300,Cranbourne,6357,1060,1970,0.16674532011955326,0.309894604373132
212031303,Cranbourne South,4606,414,2397,0.08988276161528441,0.5204081632653061
212031304,Cranbourne West,5876,555,2540,0.09445200816882232,0.4322668481960517
212031306,Lynbrook - Lyndhurst,4015,277,2194,0.06899128268991282,0.5464508094645081
212031308,Pearcedale - Tooradin,2226,321,920,0.14420485175202155,0.4132973944294699
212031457,Narre Warren South - East,2896,250,1489,0.08632596685082873,0.5141574585635359
212031458,Narre Warren South - West,4001,397,1808,0.09922519370157461,0.45188702824293925
212031555,Clyde North - North,2591,215,1395,0.08297954457738325,0.5384021613276727
212031556,Clyde North - South,3713,151,1985,0.040667923511984914,0.5346081335847024
212031557,Cranbourne East - North,5994,641,2648,0.10694027360694028,0.4417751084417751
212031558,Cranbourne East - South,3349,345,1529,0.10301582561958794,0.4565541952821738
212031559,Cranbourne North - East,2988,193,1549,0.0645917001338688,0.5184069611780455
212031560,Cranbourne North - West,3298,446,1206,0.13523347483323225,0.36567616737416614
212031561,Hampton Park - East,3299,435,1138,0.13185813882994846,0.3449530160654744
212031562,Hampton Park - West,3686,580,1137,0.15735214324470972,0.30846446011937056
212041309,Clarinda - Oakleigh South,3387,722,1199,0.2131679952760555,0.3540005904930617
212041310,Clayton South,4127,784,1429,0.18996850012115338,0.3462563605524594
212041312,Dandenong North,6570,1371,2062,0.20867579908675798,0.31385083713850837
212041313,Dingley Village,3048,561,1256,0.18405511811023623,0.4120734908136483
212041316,Noble Park North,2325,466,758,0.20043010752688173,0.3260215053763441
212041317,Springvale,6259,1402,1828,0.22399744368109922,0.2920594344144432
212041318,Springvale South,3300,638,1075,0.19333333333333333,0.32575757575757575
212041459,Noble Park - East,4215,930,1139,0.2206405693950178,0.2702253855278766
212041460,Noble Park - West,5656,1204,1636,0.21287128712871287,0.28925035360678925
212041563,Dandenong - North,6578,1668,1527,0.2535725144420797,0.2321374277896017
212041564,Dandenong - South,2521,623,664,0.2471241570805236,0.26338754462514874
212041565,Keysborough - North,4259,808,1411,0.1897158957501761,0.33129842686076544
212041566,Keysborough - South,3276,273,1791,0.08333333333333333,0.5467032967032966
212051319,Ashwood - Chadstone,5563,1210,2139,0.21750853855833183,0.38450476361675356
212051321,Glen Waverley - East,5613,1155,2121,0.20577231427044362,0.3778727952966328
212051322,Glen Waverley - West,5566,1151,2064,0.20679123248293207,0.37082285303629176
212051323,Mount Waverley - North,4296,825,1687,0.1920391061452514,0.3926908752327747
212051324,Mount Waverley - South,5137,920,2049,0.17909285575238465,0.39887093634416976
212051325,Mulgrave,5509,948,2171,0.17208204755854056,0.394082410600835
212051326,Oakleigh - Huntingdale,6824,1322,2694,0.1937280187573271,0.3947831184056272
212051327,Wheelers Hill,5637,1230,1934,0.21820117083555082,0.3430902962568742
212051567,Clayton (North) - Notting Hill,2673,739,692,0.2764683875794987,0.25888514777403665
212051568,Clayton - Central,3506,699,1278,0.1993725042783799,0.3645179691956646
213011328,Ardeer - Albion,2541,692,710,0.27233372687918145,0.2794175521448249
213011329,Cairnlea,2286,293,1017,0.12817147856517935,0.4448818897637795
213011331,Delahey,2370,503,763,0.21223628691983124,0.32194092827004217
213011332,Keilor Downs,3877,743,1285,0.19164302295589372,0.3314418364714986
213011333,Kings Park (Vic.),4022,901,1023,0.22401790154152162,0.2543510691198409
213011334,St Albans - North,6095,1613,1402,0.2646431501230517,0.23002461033634125
213011335,St Albans - South,4893,1262,1244,0.25791947680359695,0.2542407520948293
213011336,Sunshine,2841,586,943,0.20626539950721576,0.3319253783878916
213011337,Sunshine North,3357,785,993,0.2338397378611856,0.2957998212689902
213011338,Sunshine West,5413,1185,1576,0.21891742102346204,0.2911509329392204
213011339,Sydenham,3263,465,1283,0.1425068954949433,0.3931964449892737
213011340,Taylors Lakes,4281,659,1869,0.15393599626255547,0.4365802382620883
213011569,Deer Park,5109,1019,1562,0.19945194754355058,0.30573497749070266
213011570,Derrimut,1850,162,949,0.08756756756756756,0.512972972972973
213021341,Altona,4380,966,1607,0.22054794520547946,0.36689497716894975
213021342,Altona Meadows,6239,1224,2139,0.19618528610354224,0.34284340439172944
213021343,Altona North,4556,1020,1655,0.22388059701492538,0.3632572431957858
213021344,Newport,4761,727,2238,0.15269901281243436,0.4700693131695022
213021345,Seabrook,1351,169,596,0.12509252405625462,0.4411547002220577
213021346,Williamstown,4011,867,1556,0.2161555721765146,0.3879331837447021
213031347,Braybrook,5765,1223,2038,0.21214223764093668,0.35351257588898527
213031348,Footscray,6217,1168,2258,0.18787196396976033,0.3631976837703072
213031349,Maribyrnong,4057,554,1665,0.1365541040177471,0.41040177471037714
213031350,Seddon - Kingsville,2657,451,1180,0.16974030861874295,0.4441098983816334
213031351,West Footscray - Tottenham,3686,635,1493,0.17227346717308736,0.40504612045577865
213031352,Yarraville,4152,658,1917,0.15847784200385356,0.46170520231213874
213041353,Bacchus Marsh,7430,1282,2899,0.17254374158815614,0.3901749663526245
213041358,Melton West,5889,846,2067,0.1436576668364748,0.3509933774834437
213041359,Rockbank - Mount Cottrell,3859,309,1897,0.0800725576574242,0.4915781290489764
213041360,Taylors Hill,4385,446,2261,0.1017103762827822,0.5156214367160775
213041461,Burnside,1448,268,566,0.1850828729281768,0.39088397790055246
213041462,Burnside Heights,1381,122,696,0.08834178131788559,0.503982621288921
213041463,Caroline Springs,5029,612,2297,0.12169417379200637,0.4567508450984291
213041571,Brookfield,2700,455,928,0.1685185185185185,0.3437037037037037
213041572,Cobblebank - Strathtulloh,1915,142,909,0.07415143603133159,0.47467362924281986
213041573,Eynesbury - Exford,712,46,424,0.06460674157303371,0.5955056179775281
213041574,Fraser Rise - Plumpton,2545,183,1364,0.0719056974459725,0.5359528487229862
213041575,Hillside,3970,442,1942,0.11133501259445844,0.48916876574307305
213041576,Kurunjang - Toolern Vale,3392,545,1093,0.16067216981132076,0.32222877358490565
213041577,Melton,2686,732,492,0.27252419955323903,0.18317200297840655
213041578,Melton South - Weir Views,4787,914,1251,0.19093377898475036,0.26133277626906204
213051361,Hoppers Crossing - North,5220,774,1909,0.1482758620689655,0.3657088122605364
213051362,Hoppers Crossing - South,5611,1004,1748,0.17893423632151131,0.31153092140438426
213051363,Laverton,2988,389,1299,0.13018741633199465,0.4347389558232932
213051368,Werribee - South,4988,860,1899,0.1724137931034483,0.3807137129109864
213051464,Point Cook - East,4224,435,2133,0.10298295454545454,0.5049715909090909
213051466,Point Cook - South,4093,314,2370,0.07671634497923284,0.5790373808942096
213051467,Werribee - East,6040,1260,1685,0.20860927152317882,0.27897350993377484
213051468,Werribee - West,6420,799,2874,0.12445482866043614,0.44766355140186914
213051579,Manor Lakes - Quandong,2488,137,1394,0.055064308681672024,0.5602893890675241
213051580,Point Cook - North East,3581,452,1674,0.12622172577492322,0.46746718793633063
213051581,Point Cook - North West,2206,174,1223,0.07887579329102448,0.5543970988213962
213051582,Tarneit (West) - Mount Cottrell,2433,155,1207,0.06370735717221537,0.49609535552815454
213051583,Tarneit - Central,6342,520,3169,0.08199306212551245,0.499684642068748
213051584,Tarneit - North,1658,82,877,0.04945717732207479,0.528950542822678
213051585,Tarneit - South,2739,316,1133,0.1153705732018985,0.41365461847389556
213051586,Truganina - North,1953,82,1073,0.04198668714797747,0.5494111623143881
213051587,Truganina - South East,2238,136,1229,0.06076854334226988,0.5491510277033065
213051588,Truganina - South West,4330,443,1864,0.1023094688221709,0.43048498845265587
213051589,Wyndham Vale - North,2424,225,1003,0.09282178217821782,0.4137788778877888
213051590,Wyndham Vale - South,3727,472,1439,0.1266434129326536,0.3861014220552723
214011370,Carrum Downs,7393,1242,2695,0.16799675368591913,0.36453401866630597
214011371,Frankston,8599,2020,2520,0.23491103616699616,0.2930573322479358
214011372,Frankston North,6856,1581,1860,0.2306009334889148,0.27129521586931155
214011373,Frankston South,5292,958,2147,0.18102796674225247,0.40570672713529854
214011374,Langwarrin,7493,1088,3173,0.14520218870946217,0.42346189777125315
214011375,Seaford (Vic.),6210,1345,2046,0.21658615136876005,0.3294685990338164
214011376,Skye - Sandhurst,3565,357,1753,0.10014025245441795,0.4917251051893408
214021377,Dromana,4582,1003,1299,0.21890004364906154,0.2835006547359232
214021378,Flinders,1489,246,559,0.16521155137676294,0.37541974479516454
214021379,Hastings - Somers,7710,1691,2334,0.21932555123216602,0.3027237354085603
214021381,Mount Eliza,4147,698,1791,0.16831444417651314,0.43187846636122496
214021382,Mount Martha,5436,883,2280,0.1624356144223694,0.4194260485651214
214021383,Point Nepean,6402,1482,1788,0.23149015932521086,0.27928772258669166
214021384,Rosebud - McCrae,8489,2231,1962,0.26281069619507597,0.231122629284957
214021385,Somerville,5719,990,2178,0.17310718657107885,0.3808358104563735
214021591,Mornington - East,4859,1068,1624,0.2197983124099609,0.3342251492076559
214021592,Mornington - West,3913,963,1054,0.2461027344748275,0.26935854842831586
215011386,Ararat,2863,709,685,0.24764233321690535,0.23925951798812434
215011387,Ararat Surrounds,1057,226,317,0.21381267738883633,0.29990539262062443
215011388,Horsham,6105,1409,1738,0.2307944307944308,0.28468468468468466
215011389,Horsham Surrounds,1059,190,350,0.1794145420207743,0.3305004721435316
215011390,Nhill Region,2543,701,577,0.27565867086118756,0.22689736531655524
215011391,St Arnaud,1286,425,239,0.33048211508553654,0.18584758942457233
215011392,Stawell,3038,785,726,0.2583936800526662,0.238973008558262
215011393,West Wimmera,958,273,221,0.2849686847599165,0.23068893528183715
215011394,Yarriambiack,2369,689,498,0.2908400168847615,0.21021528070915999
215021395,Irymple,2184,363,806,0.1662087912087912,0.36904761904761907
215021396,Merbein,1478,320,411,0.2165087956698241,0.2780784844384303
215021398,Mildura Surrounds,1218,292,316,0.23973727422003285,0.2594417077175698
215021399,Red Cliffs,1888,406,498,0.21504237288135594,0.263771186440678
215021469,Mildura - North,6196,1576,1432,0.2543576500968367,0.23111684958037443
215021470,Mildura - South,5344,1157,1637,0.21650449101796407,0.3063248502994012
215031400,Buloke,2232,625,452,0.2800179211469534,0.2025089605734767
215031401,Gannawarra,2352,619,505,0.26318027210884354,0.2147108843537415
215031402,Kerang,1476,450,269,0.3048780487804878,0.18224932249322492
215031403,Robinvale,897,215,258,0.23968784838350055,0.28762541806020064
215031404,Swan Hill,3848,841,1126,0.21855509355509356,0.2926195426195426
215031405,Swan Hill Surrounds,1971,410,559,0.20801623541349568,0.28361237950279045
216011406,Echuca,5290,1232,1491,0.2328922495274102,0.28185255198487713
216011407,Kyabram,3774,929,944,0.24615792262851086,0.25013248542660305
216011408,Lockington - Gunbower,1169,223,357,0.19076133447390933,0.30538922155688625
216011409,Rochester,1386,374,343,0.2698412698412698,0.2474747474747475
216011410,Rushworth,1493,443,316,0.29671801741460146,0.2116543871399866
216021411,Cobram,2267,649,513,0.286281429201588,0.2262902514336127
216021412,Moira,900,183,245,0.20333333333333334,0.2722222222222222
216021413,Numurkah,4199,1000,1047,0.23815194093831865,0.24934508216241963
216021414,Yarrawonga,3020,749,726,0.2480132450331126,0.24039735099337747
216031415,Mooroopna,2936,796,650,0.27111716621253407,0.22138964577656675
216031416,Shepparton - North,6200,1220,2001,0.1967741935483871,0.322741935483871
216031418,Shepparton Surrounds - East,1136,182,422,0.1602112676056338,0.3714788732394366
216031419,Shepparton Surrounds - West,3269,742,941,0.22698072805139186,0.28785561333741205
216031593,Kialla,2455,303,1066,0.12342158859470469,0.43421588594704685
216031594,Shepparton - South East,5367,1327,1126,0.24725172349543506,0.2098006335010248
217011420,Glenelg (Vic.),3118,824,772,0.2642719692110327,0.24759461193072482
217011421,Hamilton (Vic.),3852,943,921,0.24480789200415368,0.23909657320872274
217011422,Portland,4032,1040,1008,0.25793650793650796,0.25
217011423,Southern Grampians,2105,496,542,0.2356294536817102,0.25748218527315914
217031471,Camperdown,1290,337,303,0.26124031007751936,0.23488372093023255
217031472,Colac,4557,1155,1163,0.2534562211981567,0.25521176212420454
217031473,Colac Surrounds,1827,359,560,0.19649698960043788,0.3065134099616858
217031474,Corangamite - North,1891,490,467,0.2591221575885775,0.2469592808038075
217031475,Corangamite - South,2223,456,611,0.20512820512820512,0.27485380116959063
217031476,Otway,1395,357,307,0.25591397849462366,0.22007168458781362
217041477,Moyne - East,2104,410,628,0.19486692015209126,0.2984790874524715
217041478,Moyne - West,3188,597,999,0.18726474278544541,0.3133626097867001
217041479,Warrnambool - North,7616,1496,2419,0.19642857142857142,0.3176207983193277
217041480,Warrnambool - South,4643,1104,1333,0.23777729916002585,0.28709885849666167
297979799,Migratory - Offshore - Shipping (Vic.),0,0,0,,
299999499,No usual address (Vic.),0,0,0,,
