,Forecast_Median_Rent_$
2023-06-30,411.2975515811471
2023-09-30,432.442786791343
2023-12-31,450.85581352322504
2024-03-31,466.3377737531819
2024-06-30,476.0459979032138
2024-09-30,480.05102496721196
2024-12-31,478.01288009411866
2025-03-31,471.69617614840485
2025-06-30,460.3223602814803
2025-09-30,445.9316375384474
2025-12-31,429.8755872860158
2026-03-31,415.1771298279662
2026-06-30,401.7703521332706
2026-09-30,391.8027159544164
2026-12-31,386.1255760500004
2027-03-31,386.70910424411437
2027-06-30,391.9882178421489
2027-09-30,402.31140177317315
2027-12-31,416.6040552251852
2028-03-31,434.9658888890303
